market_id,created_at,actual_delivery_time,store_id,store_primary_category,order_protocol,total_items,subtotal,num_distinct_items,min_item_price,max_item_price,total_onshift_dashers,total_busy_dashers,total_outstanding_orders,estimated_order_place_duration,estimated_store_to_consumer_driving_duration
1,2/6/15 22:24,2/6/15 23:27,1845,american,1,4,3441,4,557,1239,33,14,21,446,861
2,2/10/15 21:49,2/10/15 22:56,5477,mexican,2,1,1900,1,1400,1400,1,2,2,446,690
3,1/22/15 20:39,1/22/15 21:09,5477,NA,1,1,1900,1,1900,1900,1,0,0,446,690
3,2/3/15 21:21,2/3/15 22:13,5477,NA,1,6,6900,5,600,1800,1,1,2,446,289
3,2/15/15 2:40,2/15/15 3:20,5477,NA,1,3,3900,3,1100,1600,6,6,9,446,650
3,1/28/15 20:30,1/28/15 21:08,5477,NA,1,3,5000,3,1500,1900,2,2,2,446,338
3,1/31/15 2:16,1/31/15 2:43,5477,NA,1,2,3900,2,1200,2700,10,9,9,446,638
3,2/12/15 3:03,2/12/15 3:36,5477,NA,1,4,4850,4,750,1800,7,8,7,446,626
2,2/16/15 0:11,2/16/15 0:38,5477,indian,3,4,4771,3,820,1604,8,6,18,446,289
3,2/18/15 1:15,2/18/15 2:08,5477,NA,1,2,2100,2,700,1200,2,2,2,446,715
3,2/2/15 19:22,2/2/15 20:09,5477,NA,4,4,4300,4,1200,1500,1,1,1,446,453
3,2/16/15 4:19,2/16/15 6:34,5477,NA,1,2,2200,2,600,1600,3,3,4,446,642
3,2/7/15 1:34,2/7/15 2:17,5477,NA,1,1,1900,1,1900,1900,6,3,3,446,690
3,1/25/15 1:50,1/25/15 2:28,5477,NA,4,4,4986,4,699,2362,16,6,9,446,445
1,2/12/15 3:36,2/12/15 4:14,2841,italian,1,1,1525,1,1525,1525,5,6,8,446,795
1,1/27/15 2:12,1/27/15 3:02,2841,italian,1,2,3620,2,1425,2195,5,5,7,446,205
1,2/6/15 0:42,2/6/15 2:10,2841,italian,1,3,4475,3,925,1825,4,1,1,446,542
1,2/8/15 2:04,2/8/15 3:27,2841,italian,1,3,4375,3,1325,1625,6,4,3,446,789
1,1/31/15 4:35,1/31/15 5:47,2841,italian,1,2,3150,2,1425,1725,4,9,12,446,548
1,1/31/15 2:21,1/31/15 3:11,4139,mexican,1,2,950,2,150,700,24,24,26,446,212
1,1/31/15 23:45,2/1/15 0:14,4139,mexican,1,5,1285,3,150,400,12,13,11,446,424
1,2/17/15 3:13,2/17/15 4:00,5058,italian,1,4,5800,4,700,2000,19,19,30,446,344
1,2/15/15 1:26,2/15/15 2:16,5058,italian,1,2,2800,2,1200,1600,21,17,16,446,421
1,2/2/15 5:27,2/2/15 7:05,5058,italian,1,7,14900,5,1200,3900,8,11,11,446,901
1,2/16/15 2:21,2/16/15 3:54,5058,italian,1,3,3400,3,1400,2100,22,21,39,446,501
1,2/13/15 1:01,2/13/15 1:40,5058,italian,1,3,3800,3,700,1600,16,9,7,446,344
1,1/24/15 2:01,1/24/15 2:46,5058,italian,1,1,1800,1,1800,1800,27,25,24,446,424
1,2/10/15 4:36,2/10/15 5:20,5058,italian,1,4,5800,4,700,2000,13,16,27,446,344
1,1/26/15 2:09,1/26/15 2:47,5058,italian,1,3,3800,3,800,1800,21,18,20,446,530
1,2/7/15 1:44,2/7/15 2:48,5058,italian,1,1,1800,1,1800,1800,22,21,20,446,434
1,1/30/15 1:43,1/30/15 2:20,5058,italian,1,2,2700,2,1200,1500,16,16,13,446,456
3,1/30/15 19:49,1/30/15 20:28,4149,sandwich,2,4,3490,3,175,850,16,16,21,251,298
1,1/28/15 20:33,1/28/15 21:04,4149,NA,NA,3,1765,3,275,895,22,21,24,251,490
1,2/12/15 20:27,2/12/15 21:18,4149,NA,2,1,975,1,975,975,24,25,30,251,487
1,1/28/15 21:37,1/28/15 22:11,4149,NA,2,3,1425,3,175,900,13,12,7,251,704
2,2/9/15 20:29,2/9/15 21:17,4149,thai,5,1,1220,1,825,825,21,21,20,251,835
1,1/21/15 20:35,1/21/15 21:01,4149,NA,2,2,1750,2,825,825,18,18,20,251,259
1,2/16/15 19:19,2/16/15 20:16,4149,NA,2,8,7870,6,825,895,12,11,9,251,98
1,1/27/15 20:26,1/27/15 21:03,4149,NA,2,2,1725,2,825,900,21,18,18,251,294
1,1/22/15 20:19,1/22/15 21:07,4149,NA,2,3,2015,3,395,1025,22,13,13,251,740
1,2/10/15 20:05,2/10/15 20:34,4149,NA,2,1,1220,1,825,825,21,21,20,251,835
1,1/27/15 18:32,1/27/15 19:02,3201,cafe,4,2,595,2,200,295,5,1,1,251,186
4,2/7/15 1:36,2/7/15 2:46,5054,italian,1,4,5500,4,700,1900,117,112,178,446,588
4,2/14/15 3:04,2/14/15 4:25,5054,italian,1,5,5400,3,600,2200,130,129,230,446,795
4,2/8/15 2:50,2/8/15 4:03,5054,italian,1,4,7104,3,751,2191,121,119,205,446,530
NA,2/9/15 3:27,2/9/15 4:22,5054,italian,1,2,2400,2,600,1800,94,92,149,446,287
3,2/12/15 3:12,2/12/15 3:44,2004,american,5,5,6200,5,500,1800,34,30,28,251,86
3,2/18/15 4:26,2/18/15 5:05,2004,american,5,2,2800,2,1000,1800,18,15,15,251,821
3,2/15/15 4:09,2/15/15 4:50,2004,american,5,4,5800,4,600,2400,33,33,42,251,179
3,2/17/15 21:34,2/17/15 22:04,2004,american,5,2,2641,2,625,1240,27,22,24,251,89
3,2/14/15 5:34,2/14/15 6:15,2004,american,5,2,2500,2,600,1900,17,13,12,251,898
3,2/6/15 3:03,2/6/15 3:43,2004,american,5,3,3300,3,600,1800,38,37,43,251,648
3,2/17/15 1:14,2/17/15 1:52,2004,american,5,4,5100,4,500,1900,16,16,26,251,1056
3,2/1/15 4:39,2/1/15 5:08,2004,american,5,4,3500,4,600,1200,20,29,33,251,887
3,1/23/15 0:38,1/23/15 0:59,2004,american,5,3,3500,3,500,1900,16,5,5,251,271
3,1/22/15 20:31,1/22/15 21:17,2004,american,5,2,3600,1,1800,1800,21,21,21,251,469
3,1/26/15 22:22,1/26/15 22:54,2004,american,5,7,9000,7,600,2400,15,12,11,251,679
3,2/10/15 3:05,2/10/15 3:38,2004,american,5,3,4709,3,1197,1596,34,29,30,251,551
3,1/23/15 21:06,1/23/15 21:41,2004,american,5,2,2800,2,1000,1800,21,23,24,251,828
3,1/25/15 2:16,1/25/15 2:58,2004,american,5,10,9800,6,600,1200,39,37,37,251,723
3,1/28/15 3:31,1/28/15 4:31,2004,american,5,2,2800,2,1000,1800,21,23,27,251,828
3,1/31/15 1:44,1/31/15 2:30,2004,american,5,2,2800,2,1300,1500,26,25,24,251,470
3,1/31/15 3:10,1/31/15 4:05,2004,american,5,6,5800,6,500,1500,30,31,46,251,729
3,1/24/15 1:47,1/24/15 2:20,2004,american,5,6,5500,6,500,1300,35,31,28,251,663
3,2/18/15 2:56,2/18/15 3:31,2004,american,5,3,3400,3,600,1900,34,34,36,251,678
3,2/5/15 2:17,2/5/15 2:52,2004,american,5,4,4900,4,600,2400,33,33,33,251,429
3,2/14/15 1:27,2/14/15 2:02,2004,american,5,3,6000,2,1200,2400,24,24,21,251,285
3,2/17/15 0:11,2/17/15 1:09,2004,american,5,1,1800,1,1800,1800,11,11,13,251,715
3,2/5/15 20:18,2/5/15 20:54,2004,american,5,2,3600,2,1200,2400,20,20,18,251,891
3,2/4/15 21:57,2/4/15 22:43,2004,american,5,1,1800,1,1800,1800,14,9,9,251,469
4,2/11/15 1:07,2/11/15 1:48,2004,salad,1,5,4600,5,600,1200,12,13,14,251,163
3,2/15/15 5:32,2/15/15 6:25,2004,american,5,2,1600,2,600,1000,13,13,16,251,382
3,2/6/15 22:41,2/6/15 23:30,2004,american,5,1,1500,1,1500,1500,12,14,15,251,446
3,1/29/15 3:03,1/29/15 3:38,2004,american,5,4,5200,2,800,1800,35,30,29,251,406
2,2/13/15 3:48,2/13/15 4:26,2004,pizza,2,4,2300,3,400,900,32,30,37,251,555
3,2/15/15 2:16,2/15/15 3:20,1984,chinese,4,4,3250,4,725,945,29,29,32,446,456
3,2/12/15 2:36,2/12/15 3:17,1984,chinese,1,5,2943,4,199,945,20,19,18,446,491
3,2/7/15 2:12,2/7/15 2:48,1984,chinese,1,6,3628,5,199,945,34,23,18,446,691
3,1/25/15 2:30,1/25/15 3:30,1984,chinese,1,4,2595,4,450,875,25,24,28,446,924
3,1/30/15 2:59,1/30/15 3:38,1984,chinese,1,3,2355,3,475,935,23,23,27,446,512
3,1/31/15 2:57,1/31/15 3:24,4905,mexican,1,3,1693,3,109,800,61,62,72,446,388
3,1/26/15 2:51,1/26/15 3:27,4905,mexican,1,3,1967,3,269,899,41,28,27,446,749
3,2/1/15 1:47,2/1/15 2:17,4905,mexican,1,3,2168,3,500,800,58,44,43,446,785
3,1/27/15 0:45,1/27/15 1:23,4905,mexican,1,3,1889,3,350,800,14,13,14,446,587
3,2/12/15 2:35,2/12/15 3:04,4905,mexican,1,2,1153,2,289,685,51,39,41,446,696
3,2/7/15 1:25,2/7/15 2:12,4905,mexican,1,2,1658,2,779,879,32,32,37,446,178
3,2/14/15 2:34,2/14/15 3:29,4905,mexican,1,5,3608,5,299,799,57,53,54,446,517
3,1/24/15 3:27,1/24/15 3:58,4905,mexican,1,1,978,1,799,799,60,52,49,446,771
3,2/5/15 20:05,2/5/15 21:39,4905,mexican,1,2,1706,2,749,789,23,23,23,446,603
3,2/7/15 23:45,2/8/15 0:37,4905,mexican,1,2,1150,2,350,800,17,13,13,446,755
3,1/24/15 3:10,1/24/15 4:00,4905,mexican,4,3,2600,3,685,800,60,59,56,446,529
3,2/7/15 2:17,2/7/15 3:00,4905,mexican,1,2,884,2,199,685,58,57,60,446,531
3,1/29/15 18:56,1/29/15 19:26,1698,sandwich,3,1,975,1,975,975,2,2,1,251,NA
3,2/16/15 22:09,2/16/15 23:11,1698,sandwich,3,1,1125,1,975,975,7,7,7,251,813
3,2/16/15 0:30,2/16/15 1:50,1698,sandwich,3,4,2600,4,150,1325,6,6,10,251,634
3,1/22/15 18:37,1/22/15 19:26,1698,sandwich,3,1,975,1,975,975,4,3,4,251,745
3,1/26/15 19:55,1/26/15 21:19,1698,sandwich,3,2,970,2,195,675,3,3,5,251,651
3,1/23/15 5:00,1/23/15 5:42,1698,sandwich,3,2,970,2,195,675,4,5,5,251,532
3,2/11/15 2:11,2/11/15 2:58,1698,sandwich,3,5,2475,3,150,975,7,8,5,251,380
2,2/18/15 2:37,2/18/15 3:17,1698,mexican,4,4,4800,2,675,1325,8,8,8,251,834
3,2/8/15 4:58,2/8/15 5:39,1698,sandwich,3,3,1320,3,150,975,7,8,9,251,338
3,1/31/15 23:45,2/1/15 0:43,1698,sandwich,3,4,1770,4,150,975,2,3,2,251,384
3,2/7/15 20:39,2/7/15 21:22,1698,sandwich,3,3,3345,3,506,1479,19,10,4,251,836
3,1/31/15 22:15,1/31/15 23:17,1698,sandwich,3,3,2100,3,150,1325,2,2,3,251,825
3,2/14/15 23:37,2/15/15 0:41,1698,sandwich,3,4,1825,3,150,675,4,2,3,251,826
3,2/3/15 22:01,2/3/15 22:39,1698,sandwich,3,1,975,1,975,975,4,2,3,251,745
3,2/8/15 22:50,2/8/15 23:16,1698,sandwich,3,2,1950,1,975,975,4,4,4,251,745
3,2/14/15 21:53,2/14/15 22:27,1698,sandwich,3,1,775,1,675,675,4,2,4,251,399
3,2/5/15 1:04,2/5/15 1:57,1698,sandwich,3,3,2675,3,350,1325,4,4,4,251,629
3,2/10/15 21:51,NA,1698,sandwich,3,1,1125,1,975,975,7,5,4,251,488
3,2/1/15 22:14,2/1/15 23:19,1698,sandwich,3,5,2100,4,150,675,6,6,7,251,875
3,2/12/15 3:34,2/12/15 4:10,1698,sandwich,3,2,1550,1,675,675,9,6,6,251,551
3,1/31/15 3:38,1/31/15 4:14,1698,sandwich,3,4,3150,2,350,975,7,10,10,251,331
3,1/27/15 19:17,1/27/15 20:03,1698,sandwich,3,2,1350,1,675,675,3,3,2,251,656
3,2/3/15 22:06,2/3/15 22:36,1698,sandwich,3,5,3675,4,175,1325,3,3,3,251,432
3,1/24/15 21:08,1/24/15 21:53,1698,sandwich,3,1,775,1,675,675,4,3,1,251,434
3,2/15/15 20:51,2/15/15 21:47,1698,sandwich,3,3,1850,3,350,975,6,6,7,251,778
3,1/26/15 20:18,1/26/15 21:54,1698,sandwich,3,3,2925,2,675,1125,4,4,6,251,427
3,2/17/15 19:12,2/17/15 20:05,1698,sandwich,3,2,1425,2,350,975,7,6,4,251,502
3,1/29/15 18:57,1/29/15 19:39,1698,sandwich,3,3,1575,3,150,975,2,2,1,251,629
3,2/5/15 3:08,2/5/15 4:15,1698,sandwich,3,5,5925,2,675,1325,8,8,11,251,807
3,2/6/15 4:02,2/6/15 4:48,1698,sandwich,3,1,875,1,675,675,5,5,6,251,692
3,1/22/15 19:54,1/22/15 20:44,1698,sandwich,3,9,3850,5,150,675,6,4,5,251,700
4,2/18/15 2:26,2/18/15 3:27,1936,singaporean,3,6,9350,6,950,2800,108,100,154,251,776
4,2/3/15 2:47,2/3/15 4:10,1936,singaporean,3,1,1400,1,1400,1400,72,72,144,251,718
4,2/11/15 4:59,2/11/15 5:33,1936,singaporean,3,1,1400,1,1400,1400,39,30,34,251,734
4,1/30/15 4:12,1/30/15 4:47,1936,singaporean,3,2,3100,2,300,2800,89,81,100,251,876
4,1/24/15 1:46,1/24/15 2:45,1936,singaporean,3,6,7110,5,422,1887,112,106,173,251,750
4,1/26/15 20:56,1/26/15 22:00,1936,singaporean,3,1,1000,1,1000,1000,55,84,80,251,700
4,2/14/15 3:16,2/14/15 4:28,1936,singaporean,3,4,4150,4,200,1600,126,122,202,251,984
4,1/27/15 1:48,1/27/15 2:26,1936,singaporean,3,2,3800,1,1900,1900,80,109,124,251,131
4,1/22/15 4:20,1/22/15 4:43,1936,singaporean,3,2,2200,2,300,1900,69,54,56,251,641
4,2/6/15 3:34,2/6/15 3:57,1936,singaporean,3,2,2300,2,200,2100,125,89,130,251,124
4,2/8/15 2:07,2/8/15 2:54,1936,singaporean,3,4,4250,4,300,1600,113,106,181,251,477
4,2/12/15 2:26,2/12/15 3:17,1936,singaporean,3,6,9250,5,300,2800,105,103,188,251,106
4,2/15/15 3:26,2/15/15 4:30,1936,singaporean,3,2,2350,2,950,1400,98,91,181,251,679
4,2/15/15 1:47,2/15/15 2:54,1936,singaporean,3,8,11200,6,950,2100,86,83,148,251,579
4,2/1/15 2:47,2/1/15 3:30,1936,singaporean,3,2,2350,2,950,1400,90,81,150,251,259
4,2/1/15 2:15,2/1/15 2:56,1936,singaporean,3,5,5050,4,300,1400,87,75,127,251,408
4,1/30/15 3:44,1/30/15 4:16,1936,singaporean,3,2,3300,2,1500,1800,117,107,160,251,267
4,1/25/15 4:30,1/25/15 5:17,1936,singaporean,3,5,8200,5,300,2100,74,102,107,251,989
4,2/4/15 4:44,2/4/15 5:14,1936,singaporean,3,3,2750,3,300,1500,35,38,43,251,461
4,1/23/15 20:17,1/23/15 20:50,1936,singaporean,3,2,2133,2,294,1542,84,96,123,251,465
4,2/15/15 2:29,2/15/15 3:19,1936,singaporean,3,3,2550,3,200,1400,91,80,159,251,657
4,2/10/15 21:41,2/10/15 22:10,1936,singaporean,3,1,1000,1,1000,1000,34,23,26,251,734
4,1/30/15 21:50,1/30/15 22:36,1936,singaporean,3,2,2000,2,1000,1000,38,32,42,251,996
4,2/5/15 2:36,2/5/15 3:31,1936,singaporean,3,3,3850,3,950,1500,96,94,186,251,229
4,1/30/15 19:47,1/30/15 20:52,1936,singaporean,3,5,5350,5,300,1400,69,64,143,251,635
4,1/24/15 2:27,1/24/15 3:24,1936,singaporean,3,5,8450,5,950,2800,123,117,190,251,106
4,1/25/15 3:02,1/25/15 4:04,1936,singaporean,3,3,4450,3,950,2100,101,125,171,251,797
4,2/13/15 3:25,2/13/15 4:03,1936,singaporean,3,4,4350,4,300,1900,119,110,181,251,430
5,2/4/15 21:33,2/4/15 22:53,6015,burger,4,2,975,2,280,695,5,6,9,251,546
5,2/9/15 0:24,2/9/15 0:53,6015,burger,4,6,2114,3,200,440,12,12,12,251,547
5,1/28/15 22:31,1/28/15 23:18,6015,burger,4,5,1590,4,200,440,3,4,4,251,641
5,2/4/15 23:15,2/5/15 0:06,6015,burger,4,1,990,1,940,940,5,4,5,251,812
5,1/31/15 6:12,1/31/15 6:54,6015,burger,4,4,1309,4,190,659,6,7,6,251,338
5,2/14/15 4:41,2/14/15 5:29,6015,burger,4,2,1120,1,410,410,21,10,21,251,690
5,2/13/15 1:27,2/13/15 2:36,6015,burger,4,3,3137,2,825,1036,29,31,46,251,301
5,2/14/15 23:01,2/14/15 23:57,6015,burger,4,4,1364,4,180,440,11,10,12,251,523
5,2/10/15 19:39,2/10/15 20:29,6015,burger,4,1,990,1,940,940,15,9,12,251,811
6,2/6/15 1:11,2/6/15 1:42,976,breakfast,2,2,575,2,225,350,NA,NA,NA,251,671
6,2/14/15 2:07,2/14/15 3:17,976,breakfast,2,5,1415,3,185,675,NA,NA,NA,251,893
6,1/31/15 21:58,1/31/15 22:55,976,breakfast,2,1,650,1,650,650,NA,NA,NA,251,479
6,2/8/15 3:28,2/8/15 5:32,976,breakfast,2,5,1550,5,225,700,NA,NA,NA,251,1104
6,1/23/15 19:29,1/23/15 20:25,976,breakfast,2,6,1110,5,185,185,NA,NA,NA,251,584
6,2/3/15 22:27,2/3/15 23:09,976,breakfast,2,8,2115,8,150,650,NA,NA,NA,251,840
6,1/31/15 1:35,1/31/15 2:16,976,breakfast,2,2,1741,2,889,772,NA,NA,NA,251,597
6,1/24/15 23:17,1/25/15 0:24,976,breakfast,2,7,2250,2,225,900,NA,NA,NA,251,361
6,2/3/15 21:15,2/3/15 22:38,976,breakfast,2,1,3900,1,3900,3900,NA,NA,NA,251,893
4,1/30/15 5:28,1/30/15 5:56,5081,mediterranean,3,5,3355,4,153,1468,41,30,41,251,395
4,2/7/15 2:34,2/7/15 3:20,5081,mediterranean,3,4,2945,3,425,1245,129,128,261,251,380
4,2/2/15 19:01,2/2/15 19:27,5081,mediterranean,3,3,4335,1,1445,1445,26,27,33,251,458
4,1/21/15 19:23,1/21/15 20:15,5081,mediterranean,3,3,2270,3,425,1245,66,64,132,251,367
4,2/5/15 5:14,2/5/15 6:17,5081,mediterranean,3,4,5135,4,600,1745,34,35,67,251,778
4,2/16/15 5:36,2/16/15 5:57,5081,mediterranean,3,2,1745,2,500,1245,35,24,20,251,514
4,2/3/15 0:34,2/3/15 1:08,5081,mediterranean,3,1,1745,1,1745,1745,29,27,39,251,815
4,2/10/15 2:05,2/10/15 2:49,5081,mediterranean,3,5,4120,5,500,1245,81,70,120,251,360
4,2/15/15 6:11,2/15/15 6:54,5081,mediterranean,3,3,2975,3,775,1175,19,16,11,251,731
4,1/29/15 20:03,1/29/15 20:38,5081,mediterranean,3,3,3290,2,600,1345,74,74,158,251,203
4,1/24/15 19:48,1/24/15 20:31,5081,mediterranean,NA,2,2070,2,325,1745,36,60,59,251,681
4,2/10/15 19:56,2/10/15 20:55,5081,mediterranean,3,9,8830,6,600,1345,75,73,154,251,633
4,1/29/15 5:48,1/29/15 6:23,5081,mediterranean,3,3,2970,3,600,1745,12,17,15,251,587
NA,2/1/15 5:32,2/1/15 6:01,5081,mediterranean,3,2,1845,2,600,1245,33,23,30,251,581
4,2/5/15 5:52,2/5/15 7:30,5081,mediterranean,3,2,2590,2,1245,1345,18,21,38,251,776
4,2/14/15 22:31,2/14/15 23:23,5081,mediterranean,3,2,2690,1,1345,1345,34,31,42,251,545
4,2/3/15 21:15,2/3/15 21:36,5081,mediterranean,3,3,1970,3,100,1245,43,39,47,251,396
4,2/10/15 18:57,2/10/15 19:21,5081,mediterranean,3,1,1000,1,1000,1000,43,40,68,251,693
4,2/12/15 5:58,2/12/15 6:28,5081,mediterranean,3,2,1700,2,850,850,16,11,10,251,793
4,1/26/15 1:40,1/26/15 2:17,5081,mediterranean,3,6,3700,5,300,850,70,97,92,251,441
4,1/28/15 5:17,1/28/15 5:52,5081,mediterranean,3,2,2095,2,850,1245,25,22,27,251,776
4,1/25/15 21:51,1/25/15 22:54,5081,mediterranean,3,4,3515,4,325,1345,65,77,37,251,564
4,2/9/15 1:30,2/9/15 2:07,5081,mediterranean,3,3,3090,2,600,1245,77,61,99,251,244
4,2/8/15 3:40,2/8/15 4:09,5081,mediterranean,3,1,1245,1,1245,1245,114,110,175,251,191
4,2/3/15 19:14,2/3/15 20:45,5081,mediterranean,3,13,9980,10,100,1345,62,58,102,251,894
4,2/14/15 2:19,2/14/15 3:15,5081,mediterranean,3,2,2170,2,925,1245,116,116,184,251,268
4,1/25/15 2:54,1/25/15 3:54,5081,mediterranean,3,2,2790,2,1345,1445,102,123,160,251,496
4,1/22/15 22:15,1/22/15 22:46,5081,mediterranean,3,2,1545,2,200,1345,24,19,21,251,542
4,1/23/15 5:48,1/23/15 6:12,5081,mediterranean,3,2,2045,2,600,1445,18,11,16,251,627
4,2/13/15 5:04,2/13/15 5:27,5081,mediterranean,3,1,1245,1,1245,1245,55,42,43,251,531
4,2/8/15 19:29,2/8/15 19:45,5081,mediterranean,3,1,1245,1,1245,1245,30,26,39,251,329
4,2/18/15 3:28,2/18/15 4:07,5081,mediterranean,3,6,2490,2,100,1045,102,95,121,251,385
4,2/4/15 5:42,2/4/15 6:14,5081,mediterranean,3,1,925,1,925,925,14,16,17,251,684
1,2/9/15 4:19,2/9/15 4:52,5081,thai,1,1,1245,1,1245,1245,74,68,96,251,645
4,2/4/15 20:26,2/4/15 20:56,5081,mediterranean,3,1,1245,1,1245,1245,76,72,111,251,465
4,1/22/15 5:07,1/22/15 5:30,5081,mediterranean,3,3,3170,3,925,1245,35,21,22,251,508
4,2/11/15 19:48,2/11/15 20:39,5081,mediterranean,3,3,3445,3,925,1345,76,77,184,251,785
4,1/24/15 6:41,1/24/15 7:27,5081,mediterranean,3,4,1700,4,100,775,4,6,8,251,581
4,2/4/15 1:01,2/4/15 1:47,5081,mediterranean,3,1,950,1,950,950,67,53,56,251,578
4,2/6/15 19:16,2/6/15 20:17,5081,mediterranean,3,4,4860,3,925,1345,64,64,120,251,415
4,2/17/15 5:35,2/17/15 6:18,5081,mediterranean,3,1,1245,1,1245,1245,20,16,15,251,620
4,2/1/15 2:21,2/1/15 3:16,5081,mediterranean,3,7,6050,7,600,1175,88,74,131,251,830
4,2/3/15 22:40,2/3/15 23:15,5081,mediterranean,3,1,1345,1,1345,1345,22,19,18,251,445
4,2/8/15 6:31,2/8/15 7:12,5081,mediterranean,3,3,3490,2,600,1445,12,10,13,251,542
4,2/12/15 3:25,2/12/15 4:19,5081,mediterranean,3,6,4415,6,575,1000,101,91,141,251,795
4,2/16/15 4:15,2/16/15 4:55,5081,mediterranean,3,1,1345,1,1345,1345,86,73,89,251,440
4,1/26/15 4:15,1/26/15 4:30,5081,mediterranean,3,2,1670,2,425,1245,41,68,48,251,190
4,1/25/15 4:13,1/25/15 5:09,5081,mediterranean,3,1,1745,1,1745,1745,73,108,111,251,327
4,1/23/15 6:21,1/23/15 7:09,5081,mediterranean,3,3,1345,3,100,1045,12,6,7,251,443
4,2/3/15 20:52,2/3/15 21:18,5081,mediterranean,3,1,1000,1,1000,1000,63,55,65,251,691
4,1/25/15 20:30,1/25/15 20:56,5081,mediterranean,3,3,1575,3,100,1175,67,78,43,251,416
4,1/25/15 6:18,1/25/15 6:40,5081,mediterranean,3,3,2000,2,300,850,17,42,14,251,407
4,2/16/15 2:08,2/16/15 3:34,5081,mediterranean,3,6,3815,5,100,1345,113,109,194,251,387
4,2/15/15 20:58,2/15/15 21:48,5081,mediterranean,3,5,6725,4,1245,1445,46,40,60,251,628
4,2/16/15 4:35,2/16/15 5:00,5081,mediterranean,3,2,2370,2,625,1745,74,67,73,251,204
4,1/24/15 22:13,1/24/15 22:43,5081,mediterranean,3,1,1245,1,1245,1245,39,69,45,251,508
4,2/14/15 2:42,2/14/15 3:55,5081,mediterranean,3,2,3090,2,1345,1745,126,123,203,251,895
4,1/30/15 19:05,1/30/15 19:51,5081,mediterranean,3,3,1975,3,200,925,58,44,123,251,571
4,2/16/15 5:58,2/16/15 6:19,5081,mediterranean,3,2,1450,2,600,850,21,10,9,251,802
4,2/11/15 22:16,2/11/15 23:07,5081,mediterranean,3,2,1525,2,600,925,28,25,29,251,558
4,2/4/15 2:09,2/4/15 2:39,5081,mediterranean,3,3,3215,3,625,1345,102,99,134,251,338
4,1/24/15 0:22,1/24/15 1:08,5081,mediterranean,3,4,4435,3,600,1345,36,35,34,251,767
4,2/3/15 5:46,2/3/15 6:17,5081,mediterranean,3,5,3025,3,200,925,12,16,15,251,462
4,2/14/15 5:40,2/14/15 6:09,5081,mediterranean,3,2,2095,2,850,1245,47,42,46,251,507
4,2/8/15 1:44,2/8/15 2:30,5081,mediterranean,3,4,2870,4,100,1745,110,77,126,251,440
4,1/28/15 5:38,1/28/15 6:16,5081,mediterranean,3,3,3120,3,925,1245,14,15,16,251,508
4,2/11/15 19:48,2/11/15 20:39,5081,mediterranean,3,3,3445,3,925,1345,76,78,183,251,785
4,2/4/15 0:58,2/4/15 1:36,5081,mediterranean,3,2,1845,2,600,1245,58,45,47,251,464
4,1/29/15 19:30,1/29/15 20:47,5081,mediterranean,3,5,5960,5,850,1345,67,63,158,251,785
4,2/2/15 21:21,2/2/15 22:18,5081,mediterranean,3,3,1475,3,200,850,34,38,64,251,571
4,2/15/15 2:39,2/15/15 3:41,5081,mediterranean,3,2,2490,1,1245,1245,97,91,167,251,478
4,2/2/15 0:54,2/2/15 1:34,5081,mediterranean,3,1,1445,1,1445,1445,42,42,65,251,627
4,2/8/15 22:58,2/8/15 23:36,5081,mediterranean,3,3,2945,3,600,1745,39,31,36,251,730
4,1/29/15 23:39,1/30/15 0:31,5081,mediterranean,3,16,11560,5,425,1345,29,28,32,251,554
4,2/12/15 22:16,2/12/15 22:41,5081,mediterranean,3,1,1745,1,1745,1745,32,28,31,251,545
4,2/3/15 3:03,2/3/15 4:00,5081,mediterranean,3,3,3190,3,600,1345,76,75,153,251,202
4,2/18/15 2:21,2/18/15 3:08,5081,mediterranean,3,6,4885,3,300,1245,108,106,159,251,391
4,2/1/15 19:24,2/1/15 20:21,5081,mediterranean,3,8,8125,5,500,1345,23,20,30,251,985
4,2/2/15 5:44,2/2/15 6:22,5081,mediterranean,3,1,1345,1,1345,1345,16,24,27,251,445
4,2/6/15 6:56,2/6/15 7:17,5081,mediterranean,3,5,3145,3,425,1045,8,1,1,251,470
4,1/25/15 21:27,1/25/15 22:10,5081,pizza,5,1,950,1,950,950,65,71,29,251,571
4,1/22/15 1:25,1/22/15 2:09,5081,mediterranean,3,1,950,1,950,950,79,77,119,251,591
4,2/5/15 5:17,2/5/15 6:00,5081,mediterranean,3,3,1470,2,216,992,29,37,75,251,443
4,1/27/15 1:33,1/27/15 2:23,5081,mediterranean,3,2,2490,1,1245,1245,74,103,95,251,597
4,2/7/15 22:54,2/7/15 23:28,5081,mediterranean,3,6,4495,6,425,1745,38,29,32,251,400
2,1/24/15 22:29,1/24/15 22:59,5081,japanese,5,2,2095,2,850,1245,39,59,36,251,796
4,1/23/15 20:29,1/23/15 20:54,5081,mediterranean,3,1,850,1,850,850,76,77,111,251,154
4,2/11/15 21:21,2/11/15 21:55,5081,mediterranean,3,4,3935,3,100,1345,49,50,64,251,786
4,2/14/15 5:36,2/14/15 6:16,5081,mediterranean,3,1,950,1,950,950,50,48,52,251,400
4,1/30/15 0:13,1/30/15 1:02,5081,mediterranean,3,8,9085,8,625,1745,37,27,32,251,654
4,2/9/15 19:28,2/9/15 20:31,5081,mediterranean,3,7,6295,7,300,1345,57,55,118,251,785
4,1/31/15 2:08,1/31/15 2:47,5081,mediterranean,3,2,1670,2,425,1245,101,70,191,251,436
4,2/5/15 5:26,2/5/15 6:29,5081,mediterranean,3,3,2595,3,425,1745,27,29,61,251,371
4,1/30/15 6:41,1/30/15 7:03,5081,mediterranean,3,3,2645,3,600,1445,6,4,2,251,553
4,1/27/15 3:02,1/27/15 3:45,5081,mediterranean,3,2,1845,2,500,1345,92,123,154,251,441
4,2/16/15 3:53,2/16/15 4:22,5081,mediterranean,3,2,950,2,100,850,102,95,106,251,805
4,2/13/15 5:39,2/13/15 6:02,5081,mediterranean,3,2,1025,2,100,925,34,19,19,251,409
4,2/16/15 3:43,2/16/15 4:12,5081,mediterranean,3,2,2070,2,625,1445,103,94,131,251,255
4,2/18/15 5:42,2/18/15 6:10,5081,mediterranean,3,2,2595,2,850,1745,18,14,13,251,359
4,2/4/15 4:36,2/4/15 4:55,5081,mediterranean,3,2,1722,2,651,986,44,41,58,251,633
4,1/30/15 5:39,1/30/15 6:07,5081,mediterranean,3,3,2715,3,425,1245,22,18,21,251,477
4,2/15/15 6:11,2/15/15 6:50,5081,mediterranean,3,3,1945,3,100,1245,19,16,11,251,504
4,2/15/15 6:40,2/15/15 7:12,5081,mediterranean,3,2,1150,2,300,850,13,13,9,251,627
4,2/11/15 19:26,2/11/15 20:38,5081,mediterranean,3,1,1045,1,1045,1045,69,66,152,251,343
4,1/24/15 3:03,1/24/15 4:02,5081,mexican,1,1,1403,1,1314,1292,129,127,205,251,464
4,2/9/15 22:42,2/9/15 22:57,5081,mediterranean,3,1,1025,1,1025,1025,20,17,16,251,109
4,1/26/15 1:36,1/26/15 1:56,5081,mediterranean,3,2,2095,2,850,1245,70,96,101,251,556
4,2/12/15 0:34,2/12/15 1:01,5081,mediterranean,3,2,1920,2,575,1345,50,31,35,251,496
4,2/9/15 3:32,2/9/15 4:09,5081,mediterranean,3,2,1635,2,607,943,103,89,159,251,236
4,1/28/15 4:38,1/28/15 5:10,5081,mediterranean,3,1,925,1,925,925,51,42,47,251,845
4,2/13/15 6:19,2/13/15 6:45,5081,mediterranean,3,2,1770,2,425,1345,23,14,12,251,389
4,2/10/15 3:07,2/10/15 3:52,5081,mediterranean,3,5,4190,3,425,1245,86,84,151,251,380
4,2/8/15 20:18,2/8/15 20:49,5081,mediterranean,3,2,3090,2,1345,1745,50,34,42,0,428
4,2/1/15 4:37,2/1/15 5:23,5081,mediterranean,3,1,1245,1,1245,1245,68,58,89,251,473
1,2/2/15 1:12,2/2/15 2:01,5081,greek,5,12,7465,8,200,1545,56,52,83,251,409
4,2/10/15 4:45,2/10/15 5:19,5081,mediterranean,3,1,1345,1,1345,1345,43,37,43,251,444
4,2/15/15 5:56,2/15/15 6:33,5081,mediterranean,3,1,1345,1,1345,1345,25,25,26,251,648
1,1/30/15 3:54,1/30/15 4:42,1019,chinese,1,2,3228,2,1546,1812,33,32,41,446,808
1,1/25/15 1:30,1/25/15 2:17,1019,chinese,1,1,1100,1,1100,1100,19,19,17,446,459
1,1/25/15 2:23,1/25/15 3:40,1019,chinese,1,2,3100,2,1400,1700,26,25,34,446,711
3,2/16/15 2:03,2/16/15 3:51,1019,american,1,4,4600,3,1400,1700,23,23,41,446,713
1,1/27/15 2:29,1/27/15 3:30,3994,japanese,1,1,1150,1,1150,1150,0,0,0,446,599
1,2/8/15 0:56,2/8/15 1:50,3994,japanese,1,4,4805,2,1095,1195,0,0,0,446,590
1,1/24/15 4:01,1/24/15 4:28,3994,japanese,1,7,5200,5,225,1095,0,0,0,446,602
1,2/1/15 6:20,2/1/15 6:55,3994,japanese,1,3,2910,3,595,1095,0,0,0,446,713
1,2/14/15 3:10,2/14/15 4:12,3994,japanese,1,2,2495,2,1095,1150,0,0,0,446,802
1,2/4/15 19:28,2/4/15 20:11,3994,japanese,1,2,2345,2,1150,1195,0,0,0,446,682
1,1/25/15 3:22,1/25/15 4:14,3994,japanese,1,1,1250,1,1150,1150,0,0,0,446,231
1,2/8/15 23:06,2/8/15 23:42,3994,japanese,1,2,1190,2,595,595,0,0,0,446,559
1,1/23/15 2:45,1/23/15 3:32,3994,japanese,1,7,5035,5,195,1150,0,0,0,446,924
1,1/23/15 5:03,1/23/15 5:56,3994,japanese,1,3,2065,3,195,1150,0,0,0,446,679
1,2/13/15 22:40,2/13/15 23:22,3994,japanese,1,2,1790,1,895,895,0,0,0,446,200
1,1/28/15 3:42,1/28/15 4:30,3994,japanese,1,3,3410,1,1095,1095,0,0,0,446,291
1,2/5/15 4:34,2/5/15 5:43,3994,japanese,1,2,1545,2,295,1150,0,0,0,446,231
1,2/6/15 2:41,2/6/15 3:12,3994,japanese,1,3,3100,2,600,1150,0,0,0,446,838
1,2/6/15 1:40,2/6/15 2:39,3994,japanese,1,1,1250,1,1150,1150,0,0,0,446,626
1,2/8/15 21:28,2/8/15 22:20,3994,japanese,1,1,1320,1,1195,1195,0,0,0,446,484
1,1/22/15 2:17,1/22/15 3:32,3994,japanese,1,1,1250,1,1150,1150,0,0,0,446,627
1,2/15/15 2:54,2/15/15 4:21,3994,japanese,1,3,2990,3,595,1150,0,0,0,446,839
1,2/6/15 3:02,2/6/15 3:50,3994,japanese,1,2,2190,1,1095,1095,0,0,0,446,648
6,2/8/15 22:28,2/8/15 23:34,3994,mexican,3,3,3125,2,700,1150,0,0,0,446,830
1,2/12/15 3:01,2/12/15 3:54,3994,japanese,1,3,3285,1,1095,1095,0,0,0,446,904
1,1/31/15 4:51,1/31/15 5:34,3994,japanese,1,4,3040,4,350,1095,0,0,0,446,557
1,1/27/15 20:00,1/27/15 20:24,3994,japanese,1,2,2245,2,1095,1150,0,0,0,446,586
1,1/22/15 2:21,1/22/15 3:17,3994,japanese,1,2,1850,2,600,1100,0,0,0,446,947
4,2/13/15 2:09,2/13/15 3:07,6395,cafe,2,2,890,1,399,399,107,102,179,251,693
4,1/28/15 3:49,1/28/15 4:26,6395,cafe,2,2,809,2,355,355,94,66,97,251,584
4,2/16/15 22:45,2/16/15 23:41,6395,cafe,2,1,504,1,355,355,18,15,16,251,800
4,2/12/15 0:16,2/12/15 1:00,6395,cafe,2,2,908,1,355,355,35,19,21,251,151
3,1/23/15 19:22,1/23/15 19:48,3879,NA,4,3,582,1,194,194,6,5,4,251,245
3,2/1/15 17:26,2/1/15 18:24,3879,NA,4,5,980,2,194,199,1,1,3,251,344
1,1/28/15 19:01,1/28/15 19:20,6517,american,1,2,1800,1,900,900,15,5,5,446,351
1,2/6/15 3:55,2/6/15 4:53,6517,american,1,2,2500,2,1200,1300,18,19,28,446,812
1,2/7/15 3:27,2/7/15 4:12,6517,american,1,3,2500,2,300,1650,27,29,34,446,272
1,2/6/15 6:21,2/6/15 6:50,6517,american,1,2,2500,2,1200,1300,2,1,2,446,322
1,2/14/15 3:23,2/14/15 4:20,6517,american,1,3,2500,2,300,1650,28,28,44,446,273
1,2/17/15 4:53,2/17/15 5:53,6517,american,1,1,2210,1,1529,1613,18,22,25,446,273
1,2/8/15 3:01,2/8/15 4:00,6517,american,4,2,2500,2,1200,1300,25,26,36,446,738
1,2/2/15 18:58,2/2/15 19:21,6517,american,1,2,1950,2,650,1150,6,6,5,446,260
1,2/7/15 17:40,2/7/15 18:14,6517,american,1,2,2000,1,1000,1000,4,4,6,446,404
1,2/2/15 17:17,2/2/15 18:23,6517,american,1,4,1950,3,250,1000,3,3,3,446,446
4,2/5/15 19:41,2/5/15 20:36,6584,catering,2,4,2595,4,195,1150,78,79,147,251,640
4,2/5/15 20:16,2/5/15 20:56,6584,catering,2,3,2544,3,599,1050,81,77,127,251,404
4,1/26/15 20:33,1/26/15 21:42,6584,catering,2,1,1150,1,1150,1150,61,85,96,251,315
4,2/16/15 19:34,2/16/15 20:37,6584,catering,2,1,1270,1,995,995,55,54,118,251,721
4,2/17/15 20:14,2/17/15 21:14,6584,catering,2,2,1790,2,895,895,91,91,181,251,814
4,1/29/15 19:39,1/29/15 21:13,6584,catering,2,2,1500,2,250,1250,70,66,169,251,748
4,2/11/15 20:44,2/11/15 21:46,6584,catering,2,2,1490,2,595,895,64,64,101,251,805
4,1/27/15 19:20,1/27/15 20:18,6584,catering,2,4,2145,4,100,950,63,62,143,251,928
4,2/10/15 20:52,2/10/15 21:36,6584,catering,2,2,1270,2,150,895,68,66,97,251,295
2,1/26/15 19:35,1/26/15 21:02,6584,burger,1,3,3350,3,1050,1150,57,85,135,251,280
4,2/4/15 20:08,2/4/15 20:49,6584,catering,2,2,1474,2,599,875,73,72,131,251,530
3,2/9/15 20:35,2/9/15 21:27,6584,italian,3,2,1649,2,599,1050,62,62,95,251,608
4,2/12/15 21:02,2/12/15 21:41,6584,catering,2,5,1722,3,175,950,72,63,75,251,551
4,2/6/15 19:28,2/6/15 20:40,6584,catering,2,2,2300,2,1150,1150,73,70,142,251,220
4,2/3/15 20:50,2/3/15 21:19,6584,catering,2,1,950,1,950,950,63,55,65,251,577
4,2/17/15 20:25,2/17/15 21:13,6584,catering,2,2,2295,2,895,1350,88,88,181,251,543
4,1/29/15 19:56,1/29/15 21:11,6584,catering,2,1,1400,1,1400,1400,72,72,165,251,893
4,1/31/15 1:00,1/31/15 1:52,4003,mexican,1,2,2355,2,785,785,67,35,61,446,810
4,2/14/15 1:35,2/14/15 2:44,4003,mexican,1,5,3315,4,205,950,102,97,172,446,858
4,2/8/15 0:05,2/8/15 1:00,6395,cafe,2,2,803,2,350,355,36,32,45,251,589
4,2/13/15 20:12,2/13/15 21:02,6395,cafe,2,4,1998,4,355,495,96,81,154,251,774
4,1/26/15 1:15,1/26/15 2:01,6395,cafe,2,1,495,1,399,399,71,98,91,251,439
4,2/4/15 21:21,2/4/15 22:46,6395,cafe,2,25,10286,14,280,495,41,34,40,0,503
4,1/23/15 21:18,1/23/15 21:46,6395,american,3,1,454,1,355,355,42,34,43,251,837
4,2/7/15 2:21,2/7/15 3:08,6395,cafe,2,3,1347,1,399,399,128,127,237,251,461
4,1/26/15 23:49,1/27/15 0:23,6395,cafe,2,1,405,1,355,355,27,54,21,251,837
4,1/31/15 21:41,1/31/15 22:01,6395,cafe,2,2,994,2,399,495,49,28,33,251,266
4,1/24/15 2:39,1/24/15 3:59,6395,cafe,2,1,454,1,355,355,128,125,198,251,584
4,2/7/15 3:31,2/7/15 4:19,6395,cafe,2,2,809,2,355,355,123,118,220,251,585
4,1/31/15 2:56,1/31/15 3:54,6395,cafe,2,2,909,2,427,459,104,100,219,251,584
4,2/1/15 4:05,2/1/15 4:50,6395,cafe,2,2,1008,1,355,355,78,72,119,251,150
4,1/22/15 21:55,1/22/15 22:25,6395,cafe,2,4,1797,2,458,467,28,29,45,251,319
4,2/17/15 1:14,2/17/15 1:59,6395,cafe,2,1,450,1,450,450,69,63,78,251,602
4,1/26/15 20:40,1/26/15 21:26,6395,cafe,2,3,1298,3,350,399,56,90,90,251,450
4,2/7/15 21:56,2/7/15 22:15,6395,cafe,2,2,900,2,355,495,45,36,42,251,274
4,2/4/15 3:07,2/4/15 4:00,6395,cafe,2,1,404,1,355,355,101,80,138,251,584
6,2/15/15 19:57,2/15/15 20:49,1848,sandwich,1,4,3575,4,400,925,NA,NA,NA,446,534
6,1/25/15 19:15,1/25/15 19:40,1848,sandwich,1,2,2374,2,979,1048,NA,NA,NA,446,495
5,2/14/15 1:55,2/14/15 2:47,3654,filipino,1,3,2397,3,499,999,25,24,37,446,580
5,2/18/15 1:57,2/18/15 3:00,3654,filipino,1,4,4096,4,799,1199,16,14,18,446,744
5,2/1/15 19:27,2/1/15 19:57,3654,filipino,1,6,4347,4,150,1499,9,9,11,446,565
5,2/14/15 3:07,2/14/15 4:11,3654,filipino,1,5,3048,3,150,1399,30,28,47,446,692
5,1/29/15 0:07,1/29/15 1:00,3654,filipino,1,4,5296,4,1199,1499,7,7,7,446,819
5,1/22/15 1:24,1/22/15 1:57,3654,NA,1,3,2148,2,150,999,16,12,14,446,374
5,2/3/15 3:56,2/3/15 4:44,3654,filipino,1,1,999,1,999,999,12,10,23,446,341
5,2/7/15 2:51,2/7/15 4:00,3654,filipino,1,1,999,1,999,999,27,26,36,446,341
5,2/14/15 2:04,2/14/15 3:19,3654,filipino,1,3,3297,3,899,1199,27,22,34,446,542
4,1/27/15 2:43,1/27/15 3:33,4003,mexican,1,2,2260,2,785,950,91,121,168,446,635
4,1/24/15 1:36,1/24/15 2:33,4003,mexican,1,3,925,3,195,535,105,102,152,446,636
4,1/23/15 21:40,1/23/15 22:44,4003,mexican,1,5,1445,2,165,785,31,38,34,446,336
4,2/12/15 20:45,2/12/15 21:22,4003,mexican,1,6,3484,6,335,950,77,65,85,446,737
4,1/29/15 3:23,1/29/15 4:20,4003,mexican,1,5,2270,5,165,785,104,90,154,446,914
4,1/29/15 0:04,1/29/15 0:58,4003,mexican,1,9,2707,5,165,525,27,26,29,446,539
4,1/23/15 1:13,1/23/15 1:52,4003,mexican,1,6,3985,3,535,785,84,52,81,446,496
4,1/31/15 3:15,1/31/15 4:10,4003,mexican,1,2,1570,1,785,785,100,107,212,446,121
4,1/28/15 4:01,1/28/15 4:35,4003,mexican,1,7,1850,2,195,350,87,60,83,446,627
4,1/24/15 3:35,1/24/15 4:41,4003,mexican,1,3,3315,2,785,785,104,112,192,446,207
4,1/31/15 23:27,1/31/15 23:55,4003,mexican,1,2,1289,2,599,625,36,28,33,446,578
4,1/30/15 3:56,1/30/15 4:21,4003,mexican,1,2,1460,2,675,785,110,90,137,446,118
4,2/5/15 2:24,2/5/15 3:07,4003,mexican,1,2,1599,2,625,799,98,97,189,446,171
1,1/31/15 1:31,1/31/15 2:14,6241,convenience-store,4,6,1702,4,164,555,8,9,11,251,167
1,2/2/15 23:36,2/3/15 0:48,6241,convenience-store,4,9,2153,6,149,219,4,6,5,251,167
5,2/18/15 1:54,2/18/15 2:29,1521,american,1,2,3390,2,1495,1895,12,6,9,446,621
5,2/9/15 2:50,2/9/15 3:46,1521,american,1,3,4285,3,695,2895,26,19,32,446,567
5,2/9/15 3:35,2/9/15 4:20,1521,american,1,1,939,1,690,849,26,20,37,446,567
5,1/26/15 0:04,1/26/15 0:45,1521,american,1,2,4590,1,1895,1895,14,16,11,446,332
5,2/2/15 1:18,2/2/15 1:56,1521,american,1,2,1390,1,695,695,18,14,20,446,672
5,2/2/15 2:55,2/2/15 4:35,1521,american,1,2,2190,2,795,1395,20,19,34,446,311
3,2/11/15 2:56,2/11/15 4:06,5326,chinese,1,2,874,2,275,599,4,5,5,446,846
3,2/8/15 23:56,2/9/15 0:19,5326,chinese,1,1,545,1,545,545,4,3,2,446,176
3,2/4/15 20:33,2/4/15 21:49,5326,chinese,1,1,695,1,695,695,2,3,3,446,521
1,2/8/15 2:47,2/8/15 3:33,1203,indian,3,6,3885,6,300,1295,11,10,16,251,693
3,1/31/15 21:45,1/31/15 22:12,3155,sandwich,1,7,2825,5,100,1000,24,13,13,446,310
3,1/29/15 21:12,1/29/15 22:02,3155,sandwich,1,1,1190,1,890,890,18,13,14,446,NA
3,2/11/15 19:10,2/11/15 19:26,3155,sandwich,1,1,925,1,925,925,15,14,15,446,77
3,2/4/15 19:56,2/4/15 20:35,3155,sandwich,1,1,1190,1,890,890,17,17,26,446,295
3,2/17/15 3:06,2/17/15 3:55,3155,NA,1,5,2640,5,350,1200,40,40,49,446,174
3,2/14/15 20:46,2/14/15 21:14,3155,sandwich,1,1,890,1,890,890,22,21,19,446,311
3,2/2/15 20:47,2/2/15 21:27,3155,sandwich,1,1,890,1,890,890,16,17,24,446,334
3,1/26/15 20:53,1/26/15 21:34,3155,sandwich,1,7,4700,7,350,1100,20,12,15,446,627
3,2/16/15 2:15,2/16/15 3:03,3155,sandwich,1,2,1525,2,300,925,53,53,68,446,189
5,2/18/15 2:51,2/18/15 3:38,2527,greek,3,3,1999,2,499,750,22,13,22,251,354
5,1/27/15 19:25,1/27/15 19:54,2527,greek,3,4,4396,2,1099,1099,19,19,21,251,225
5,1/31/15 20:01,1/31/15 20:32,2527,greek,3,4,4947,3,1099,1299,16,16,17,251,586
5,2/12/15 18:58,2/12/15 19:33,2527,greek,3,1,1299,1,1099,1099,23,7,5,251,583
5,2/16/15 0:36,2/16/15 1:04,2527,greek,3,4,2647,4,399,1099,14,13,16,251,472
5,2/1/15 22:25,2/1/15 23:03,2527,greek,3,1,1299,1,1099,1099,14,15,19,251,618
1,2/5/15 19:55,2/5/15 20:29,2527,indian,4,1,1250,1,1250,1250,31,25,25,251,676
5,2/5/15 22:38,2/5/15 23:06,2527,greek,3,1,1099,1,1099,1099,12,6,6,251,555
5,2/3/15 21:01,2/3/15 21:27,2527,greek,3,1,1678,1,1242,1387,23,18,24,251,572
5,1/29/15 2:52,1/29/15 3:37,2527,greek,3,2,2224,2,699,1525,22,16,27,251,491
5,1/28/15 2:07,1/28/15 3:12,2527,greek,3,1,1525,1,1525,1525,15,14,17,251,491
5,1/23/15 4:20,1/23/15 5:01,2527,greek,3,5,3054,5,300,950,26,17,18,251,793
5,2/4/15 3:10,2/4/15 3:43,2527,greek,3,3,3497,3,1099,1299,21,15,23,251,318
5,2/10/15 20:39,2/10/15 21:02,2527,greek,3,1,1299,1,1099,1099,22,15,15,251,505
5,2/1/15 4:17,2/1/15 5:15,2527,greek,3,3,2548,2,350,1099,20,22,22,251,401
5,2/10/15 21:19,2/10/15 22:12,2527,greek,3,1,1099,1,1099,1099,17,17,11,251,510
5,2/10/15 4:06,2/10/15 4:32,2527,greek,3,2,1149,2,399,750,26,19,23,251,246
5,2/11/15 3:05,2/11/15 3:37,2527,greek,3,1,1499,1,1299,1299,20,16,24,251,487
5,2/11/15 19:21,2/11/15 19:46,2527,greek,3,2,1349,2,599,750,18,18,19,251,246
5,2/14/15 2:25,2/14/15 3:24,2527,greek,3,2,2575,2,1050,1525,24,23,38,251,883
5,1/31/15 19:42,1/31/15 20:04,2527,greek,3,1,1525,1,1525,1525,14,12,12,251,296
5,1/28/15 22:01,1/28/15 22:22,2527,greek,3,1,1425,1,1425,1425,8,6,6,251,255
5,2/8/15 0:58,2/8/15 1:22,2527,greek,3,1,1099,1,1099,1099,12,12,11,251,263
5,2/12/15 4:41,2/12/15 5:14,3654,filipino,1,1,999,1,999,999,15,16,15,446,341
5,2/13/15 1:42,2/13/15 2:17,3654,filipino,1,2,1798,2,799,999,22,16,24,446,744
5,2/18/15 1:30,2/18/15 2:21,3654,filipino,1,4,4796,4,799,1699,15,12,14,446,653
5,2/16/15 2:01,2/16/15 2:59,3654,filipino,1,4,3247,4,150,1199,21,14,23,446,829
3,2/1/15 23:06,2/2/15 0:12,2183,american,1,3,2997,2,199,1399,0,0,0,446,604
3,2/15/15 17:47,2/15/15 18:36,2183,american,1,2,1398,2,599,799,0,0,0,446,223
3,2/2/15 3:02,2/2/15 3:49,2183,american,1,1,1199,1,1199,1199,0,0,0,446,471
3,2/16/15 17:58,2/16/15 18:25,2183,american,1,2,2078,2,1029,1049,0,0,0,446,443
3,1/28/15 17:53,1/28/15 18:38,2183,american,1,1,1197,1,899,899,0,0,0,446,566
3,2/15/15 20:42,2/15/15 21:38,2183,american,1,2,1898,1,949,949,0,0,0,446,607
3,1/22/15 19:24,1/22/15 19:56,2183,american,1,2,2148,2,949,1199,0,0,0,446,163
3,2/3/15 1:59,2/3/15 2:38,2183,american,1,4,4162,4,878,949,0,0,0,446,584
3,2/16/15 1:29,2/16/15 2:17,2183,american,1,1,1699,1,1699,1699,0,0,0,446,461
3,1/26/15 1:28,1/26/15 2:11,2183,american,1,4,3894,4,199,1299,0,0,0,446,688
6,1/28/15 19:50,1/28/15 20:41,2652,sandwich,1,7,2503,4,0,1199,NA,NA,NA,446,275
6,1/28/15 21:34,1/28/15 22:01,2652,sandwich,1,5,1997,5,179,649,NA,NA,NA,446,67
6,2/17/15 19:38,2/17/15 20:02,2652,sandwich,1,3,1274,3,0,375,NA,NA,NA,446,74
6,1/29/15 21:18,1/29/15 21:43,2652,sandwich,1,2,1798,1,899,899,NA,NA,NA,446,595
6,2/14/15 21:20,2/14/15 21:54,2652,sandwich,1,2,2497,2,999,1199,NA,NA,NA,446,179
6,2/3/15 23:33,2/4/15 0:07,2652,sandwich,4,2,1597,2,299,1099,NA,NA,NA,446,150
6,2/7/15 3:40,2/7/15 4:06,2652,sandwich,1,1,1048,1,699,699,NA,NA,NA,446,562
6,2/7/15 21:28,2/7/15 22:00,2652,sandwich,1,2,1199,2,300,899,NA,NA,NA,446,597
1,2/5/15 20:16,2/5/15 20:59,3065,cafe,1,2,1525,2,750,775,33,33,31,446,423
1,2/17/15 5:37,2/17/15 6:16,414,japanese,3,4,3345,4,650,1195,8,8,12,251,177
1,2/15/15 3:21,2/15/15 5:14,414,japanese,3,9,3930,4,385,750,24,24,52,251,601
1,2/2/15 3:21,2/2/15 5:32,414,japanese,3,4,3380,4,385,1395,21,23,51,251,927
1,2/9/15 4:43,2/9/15 5:52,414,japanese,3,17,9090,9,250,1395,15,17,24,251,620
1,1/24/15 1:41,1/24/15 2:26,414,japanese,3,1,1299,1,1299,1299,20,22,22,251,208
5,1/29/15 20:58,1/29/15 21:24,2527,greek,3,2,1205,2,455,750,12,9,13,251,411
5,1/26/15 21:01,1/26/15 21:33,2527,greek,3,2,1175,2,225,950,16,30,18,251,853
5,2/12/15 20:22,2/12/15 20:56,2527,greek,3,3,3030,3,455,1525,27,19,23,251,719
5,2/4/15 19:03,2/4/15 19:39,2527,greek,3,3,1078,3,80,399,18,12,10,251,780
5,2/16/15 19:30,2/16/15 20:08,2527,greek,3,4,4399,3,599,1425,15,15,23,251,564
5,2/11/15 20:52,2/11/15 21:28,2527,greek,3,1,750,1,750,750,21,18,17,251,564
5,2/7/15 22:10,2/7/15 22:38,2527,greek,3,4,3247,4,399,1299,21,13,12,251,430
5,2/16/15 3:53,2/16/15 4:48,2527,greek,3,3,3001,3,750,1050,26,25,36,251,482
5,1/30/15 3:04,1/30/15 3:58,2527,greek,3,2,1851,2,750,1050,30,17,27,251,638
5,1/28/15 4:17,1/28/15 4:42,2527,greek,3,1,699,1,699,699,15,7,8,251,213
5,2/16/15 0:27,2/16/15 1:11,2527,greek,3,7,5681,6,399,1299,15,15,13,251,586
5,2/12/15 1:11,2/12/15 1:48,2527,greek,3,2,1800,2,699,1050,21,9,11,251,636
5,2/10/15 21:29,2/10/15 22:07,2527,greek,3,4,3696,3,399,1099,21,18,11,251,512
5,2/17/15 19:01,2/17/15 19:22,2527,greek,3,1,750,1,750,750,16,6,7,251,283
5,2/15/15 4:30,2/15/15 5:51,2527,greek,3,1,1099,1,1099,1099,25,25,43,251,876
5,1/22/15 3:10,1/22/15 3:41,2527,greek,3,4,1329,4,80,750,28,14,19,251,467
5,1/21/15 20:22,1/21/15 20:58,2527,greek,3,2,1250,2,300,950,30,10,14,251,447
5,1/31/15 21:19,1/31/15 21:41,2527,greek,3,1,1099,1,1099,1099,19,16,18,251,408
5,1/31/15 22:00,1/31/15 22:29,2527,greek,3,3,2999,3,450,1299,17,9,9,251,441
5,2/7/15 21:06,2/7/15 21:29,2527,greek,3,1,750,1,750,750,21,15,15,251,424
5,2/14/15 20:51,2/14/15 21:16,2527,greek,3,2,2024,2,599,1425,20,17,17,251,656
2,2/11/15 2:25,2/11/15 3:03,2527,thai,1,2,2598,2,1099,1299,16,7,12,251,226
5,1/22/15 1:54,1/22/15 2:40,2527,greek,3,1,1099,1,1099,1099,21,19,16,251,771
5,2/1/15 20:02,2/1/15 20:46,2527,greek,3,3,3424,3,399,1600,15,14,17,251,401
5,1/30/15 19:12,1/30/15 19:44,2527,greek,3,9,7128,6,399,1099,22,19,22,251,240
5,2/10/15 19:00,2/10/15 19:24,2527,greek,3,2,2724,2,1099,1425,13,13,13,251,514
5,2/14/15 19:41,2/14/15 20:19,2527,greek,3,2,1649,2,399,1250,15,15,12,251,807
5,1/25/15 1:35,1/25/15 2:27,2527,greek,3,2,1849,2,699,1050,11,19,13,251,461
5,1/26/15 20:36,1/26/15 21:22,2527,greek,3,2,1171,2,459,1139,21,37,32,251,745
5,2/12/15 19:50,2/12/15 20:29,2527,greek,3,1,1525,1,1525,1525,27,20,24,251,830
5,2/15/15 0:53,2/15/15 1:22,2527,greek,3,4,3198,4,399,1099,12,7,8,251,622
5,2/16/15 19:30,2/16/15 19:58,2527,greek,3,1,1050,1,1050,1050,15,15,23,251,283
5,2/14/15 0:31,2/14/15 1:25,2527,greek,3,2,1724,2,299,1425,13,9,10,251,836
5,2/12/15 3:01,2/12/15 3:42,2527,greek,3,3,1899,2,399,750,22,16,28,251,350
5,1/24/15 22:02,1/24/15 22:38,2527,greek,3,2,2398,2,1099,1299,17,26,15,251,504
5,1/23/15 3:10,1/23/15 3:50,2527,greek,3,2,1149,2,399,750,27,15,24,251,256
5,1/30/15 3:10,1/30/15 3:50,2527,greek,3,1,1099,1,1099,1099,29,16,23,251,504
5,1/30/15 1:51,1/30/15 2:26,2527,greek,3,1,1250,1,1250,1250,21,20,26,251,697
5,2/14/15 22:42,2/14/15 23:01,2527,greek,3,1,750,1,750,750,17,13,12,251,458
5,1/23/15 2:51,1/23/15 3:54,2527,greek,3,3,2700,3,100,1299,27,11,22,251,577
5,2/7/15 3:11,2/7/15 4:18,2527,greek,3,2,2850,1,1425,1425,30,24,39,251,461
5,2/10/15 2:51,2/10/15 3:31,2527,greek,3,1,1050,1,1050,1050,27,25,26,251,481
5,1/22/15 4:02,1/22/15 4:35,2527,greek,3,2,2198,2,1099,1099,25,9,11,251,520
5,1/31/15 19:45,1/31/15 20:19,2527,greek,3,3,2298,2,100,1099,14,14,14,251,498
5,2/6/15 23:02,2/6/15 23:39,2527,greek,3,8,4442,6,299,1250,8,9,9,251,708
5,2/14/15 0:36,2/14/15 1:47,2527,greek,3,4,2923,4,100,1425,14,9,9,251,878
5,2/12/15 19:57,2/12/15 20:35,2527,greek,3,3,2655,3,455,1050,26,20,27,251,236
5,1/25/15 1:51,1/25/15 2:45,2527,greek,3,1,1101,1,1050,1050,12,23,14,251,405
3,2/12/15 18:13,2/12/15 19:05,3468,other,4,3,1167,3,189,559,4,4,7,251,443
3,1/24/15 19:47,1/24/15 20:32,3468,other,4,3,987,3,169,559,6,6,11,251,450
3,2/8/15 17:31,2/8/15 19:15,3468,other,4,2,808,2,279,529,4,4,6,251,688
3,2/13/15 4:52,2/13/15 5:31,3468,other,4,2,898,2,369,529,14,9,9,251,752
6,2/9/15 5:22,2/9/15 5:51,5674,korean,1,2,2390,2,1095,1295,NA,NA,NA,446,626
2,2/4/15 18:41,2/4/15 19:12,2716,sandwich,3,2,1087,2,389,479,18,20,19,251,819
2,2/9/15 17:28,2/9/15 18:20,2716,sandwich,3,2,1588,2,479,479,3,3,5,251,618
2,2/12/15 20:04,2/12/15 21:06,2716,sandwich,3,2,1017,2,99,699,49,47,74,251,517
2,1/26/15 22:51,1/26/15 23:21,2716,sandwich,3,2,1558,2,479,769,11,23,13,251,783
2,2/5/15 19:41,2/5/15 20:35,2716,sandwich,3,5,3403,5,389,479,44,41,65,251,601
2,1/28/15 20:33,1/28/15 21:02,2716,sandwich,3,3,1517,3,329,479,53,39,46,251,434
2,2/11/15 19:51,2/11/15 20:46,2716,sandwich,3,4,2805,4,169,1008,46,44,59,251,785
1,2/12/15 17:23,2/12/15 18:33,2716,mediterranean,1,1,799,1,479,479,5,5,4,251,850
2,2/3/15 20:05,2/3/15 20:44,2716,sandwich,3,2,1638,2,479,849,40,37,51,251,441
2,2/12/15 20:15,2/12/15 20:55,2716,sandwich,3,2,1863,2,464,566,55,49,91,251,265
6,2/4/15 19:49,2/4/15 20:29,2716,cafe,3,1,1008,1,849,849,39,39,59,251,633
2,2/11/15 19:51,2/11/15 20:46,2716,sandwich,3,4,2805,4,169,1008,44,44,62,251,785
2,2/11/15 19:51,2/11/15 20:46,2716,sandwich,3,4,2805,4,169,1008,44,43,63,251,785
2,1/21/15 19:16,1/21/15 19:50,2716,sandwich,3,2,1528,2,459,789,34,33,35,251,444
3,2/10/15 18:51,2/10/15 19:29,2716,vegan,4,1,699,1,699,699,19,19,30,251,727
2,1/27/15 19:12,1/27/15 19:52,2716,sandwich,3,2,1188,2,389,799,34,35,41,251,384
2,2/9/15 18:18,2/9/15 19:10,2716,sandwich,3,2,1158,2,389,769,5,4,5,251,454
2,2/9/15 19:38,2/9/15 20:24,2716,sandwich,3,12,9518,4,479,649,37,33,35,251,119
2,1/28/15 21:49,1/28/15 22:14,2716,sandwich,3,4,1796,2,99,479,27,16,16,251,783
2,2/9/15 19:19,2/9/15 19:48,2716,sandwich,3,2,1588,2,479,479,NA,NA,NA,251,169
2,2/4/15 18:37,2/4/15 19:24,2716,sandwich,3,4,1716,4,189,799,13,15,17,251,466
2,1/29/15 19:39,1/29/15 20:20,2716,sandwich,3,12,9038,7,389,799,45,43,64,251,263
2,1/28/15 19:34,1/28/15 20:19,2716,sandwich,3,2,998,2,389,389,49,46,54,251,609
2,2/9/15 20:34,2/9/15 21:08,2716,sandwich,3,2,1007,2,179,699,37,37,44,251,295
2,2/17/15 19:59,2/17/15 20:28,2716,sandwich,3,5,3084,5,389,699,43,34,50,251,208
2,2/16/15 20:02,2/16/15 20:50,2716,sandwich,3,6,4518,4,213,639,41,39,51,251,702
2,2/16/15 18:18,2/16/15 19:04,2716,sandwich,3,1,1008,1,1008,1008,8,8,6,251,637
2,1/21/15 19:35,1/21/15 20:07,2716,sandwich,3,3,1955,3,369,669,36,36,52,251,387
2,2/2/15 19:43,2/2/15 20:35,2716,sandwich,3,1,1008,1,479,479,35,34,44,251,633
2,2/11/15 22:51,2/11/15 23:44,2716,sandwich,3,1,799,1,479,479,19,17,17,251,569
2,1/23/15 3:58,1/23/15 4:47,4251,asian,1,5,5482,4,187,1703,67,62,90,446,380
2,1/23/15 2:26,1/23/15 3:13,4251,asian,1,1,1400,1,1400,1400,98,73,122,446,609
2,2/6/15 2:07,2/6/15 2:47,4251,asian,1,2,2800,2,1400,1400,115,64,92,446,910
2,1/25/15 1:29,1/25/15 2:12,4251,asian,1,1,1400,1,1400,1400,71,93,85,446,637
2,1/25/15 2:54,1/25/15 3:38,4251,asian,1,5,4781,3,449,1533,109,132,147,446,192
2,1/23/15 21:05,1/23/15 22:26,4251,asian,1,1,1400,1,1400,1400,26,29,46,446,704
2,1/29/15 3:10,1/29/15 3:56,4251,asian,1,3,4292,3,1417,1504,90,72,97,446,794
2,2/6/15 2:33,2/6/15 3:15,4251,asian,1,6,6250,6,300,1700,123,66,102,446,468
2,1/27/15 1:48,1/27/15 2:47,4251,asian,1,3,2506,3,235,1465,74,104,93,446,682
2,1/31/15 1:33,1/31/15 2:17,4251,asian,1,2,2400,2,1000,1400,99,80,141,446,673
2,2/7/15 4:50,2/7/15 6:02,4251,asian,1,5,3200,4,150,1400,39,47,66,446,530
2,1/27/15 2:48,1/27/15 3:33,4251,asian,1,4,5100,4,1000,1500,85,114,102,446,490
2,2/10/15 2:19,2/10/15 3:05,4251,asian,1,2,2800,2,1400,1400,80,62,106,446,820
2,2/18/15 1:40,2/18/15 2:30,4251,asian,1,9,10750,8,350,1500,59,58,80,446,739
2,1/31/15 2:25,1/31/15 3:25,4251,asian,1,4,4300,4,200,1500,112,100,207,446,627
2,1/21/15 21:11,1/21/15 21:56,4251,asian,1,8,6750,7,200,1400,28,29,31,446,787
2,1/26/15 20:06,1/26/15 21:06,4251,asian,1,1,1050,1,1050,1050,37,65,51,446,699
2,2/6/15 2:19,2/6/15 3:03,4251,asian,1,5,4850,4,150,1500,118,68,97,446,375
2,1/25/15 2:23,1/25/15 3:20,4251,asian,1,7,9800,6,1200,2300,102,124,132,446,668
2,2/1/15 22:01,2/1/15 23:02,4251,asian,1,4,3300,4,300,1500,42,31,39,446,639
2,2/7/15 3:36,2/7/15 4:29,1148,indian,3,3,3400,3,1000,1400,57,57,113,251,693
2,2/12/15 2:14,2/12/15 2:53,1148,indian,3,3,1700,2,250,1200,61,61,81,251,773
2,2/14/15 3:27,2/14/15 4:10,1148,indian,3,1,1200,1,1200,1200,58,56,114,251,619
2,1/30/15 1:39,1/30/15 2:25,1148,indian,3,3,3400,2,1000,1200,46,42,52,251,766
2,1/28/15 4:02,1/28/15 4:49,1148,indian,3,2,2400,2,1200,1200,45,34,43,251,586
2,2/7/15 2:35,2/7/15 3:21,1148,indian,3,1,1450,1,1200,1200,62,60,101,251,302
2,1/29/15 21:08,1/29/15 21:34,2716,sandwich,3,1,1008,1,479,479,36,33,38,251,448
2,2/12/15 19:25,2/12/15 20:06,2716,sandwich,3,4,1396,4,149,479,40,40,69,251,631
2,1/27/15 17:33,1/27/15 18:08,2716,sandwich,3,2,1817,2,479,479,7,6,6,251,446
2,2/3/15 20:54,2/3/15 21:32,2716,sandwich,3,1,1048,1,479,479,38,39,45,251,379
2,2/10/15 19:36,2/10/15 20:24,2716,NA,NA,9,4781,8,379,779,37,38,68,251,431
2,2/4/15 19:01,2/4/15 19:45,2716,sandwich,3,8,7325,8,479,779,31,28,29,251,610
2,1/25/15 2:00,1/25/15 2:30,4062,barbecue,3,1,1675,1,1675,1675,43,52,57,251,171
2,2/1/15 1:37,2/1/15 2:13,4062,breakfast,5,3,4575,3,725,1975,37,36,43,251,707
2,2/2/15 21:50,2/2/15 22:26,4062,barbecue,3,2,1675,2,250,1425,22,24,33,251,740
2,2/10/15 1:39,2/10/15 2:48,4062,barbecue,3,2,3670,2,1075,2195,38,32,57,251,1194
2,2/9/15 19:43,2/9/15 20:50,4062,barbecue,3,3,2075,3,150,1675,39,32,38,251,607
2,1/27/15 1:48,1/27/15 2:35,4062,barbecue,3,2,1800,2,275,1525,37,40,37,251,453
2,2/13/15 21:20,2/13/15 21:53,4062,barbecue,3,2,1750,2,275,1475,44,43,49,251,756
2,1/25/15 1:21,1/25/15 2:12,4062,barbecue,3,2,3850,2,1875,1975,34,42,39,251,959
2,2/15/15 0:09,2/15/15 0:55,4062,barbecue,1,4,4315,3,395,2475,22,20,21,251,1000
2,1/27/15 0:49,1/27/15 1:34,4062,barbecue,3,1,2894,1,2548,2562,23,33,20,251,741
2,1/31/15 2:32,1/31/15 3:33,4062,barbecue,3,2,3050,2,275,1875,49,41,95,251,722
2,1/25/15 0:29,1/25/15 1:22,4062,barbecue,3,4,4800,4,650,1850,24,32,29,251,503
2,1/27/15 19:58,1/27/15 20:36,4062,barbecue,3,2,2470,2,275,1995,39,36,45,251,681
2,2/7/15 2:06,2/7/15 2:49,4062,barbecue,3,2,4100,1,1850,1850,61,46,86,251,295
2,2/12/15 4:23,2/12/15 4:49,4062,barbecue,3,1,1875,1,1875,1875,40,41,73,251,576
2,2/2/15 20:47,2/2/15 21:21,4062,barbecue,3,1,1076,1,1141,1236,36,34,40,251,661
2,2/7/15 2:59,2/7/15 3:57,4062,barbecue,3,4,3625,3,150,1525,65,63,107,251,582
2,2/3/15 2:56,2/3/15 3:53,4062,barbecue,3,2,3700,1,1850,1850,39,40,69,251,664
3,2/14/15 1:25,2/14/15 2:01,280,mexican,4,4,2275,4,189,998,7,6,10,446,453
3,2/10/15 0:35,2/10/15 1:00,280,mexican,1,5,3662,4,533,920,8,12,8,446,425
3,2/9/15 20:37,2/9/15 21:22,280,mexican,1,4,2906,4,529,879,6,3,5,446,892
3,2/2/15 2:44,2/2/15 4:19,280,mexican,1,4,2176,4,334,669,14,16,29,446,751
3,2/12/15 0:37,2/12/15 1:19,280,mexican,1,6,3844,5,49,879,6,6,7,446,448
3,2/18/15 3:55,2/18/15 4:28,280,mexican,1,2,1698,2,799,849,9,7,8,446,443
3,2/6/15 3:04,2/6/15 3:31,280,mexican,1,3,1277,3,199,679,16,9,8,446,564
3,2/15/15 20:08,2/15/15 20:49,280,mexican,1,2,898,2,199,699,6,5,6,446,362
3,2/3/15 2:53,2/3/15 4:00,280,mexican,1,7,2152,4,35,924,9,8,13,446,508
3,1/23/15 1:28,1/23/15 1:52,280,mexican,1,4,2736,4,419,849,9,8,8,446,413
3,2/9/15 3:44,2/9/15 4:59,280,mexican,1,5,3220,5,299,924,12,13,14,446,330
3,2/10/15 4:06,2/10/15 4:36,280,mexican,1,7,2262,4,35,924,8,6,6,446,526
3,2/15/15 23:30,2/16/15 0:11,280,mexican,1,3,1457,2,329,699,9,9,6,446,169
3,2/18/15 0:03,2/18/15 0:51,280,mexican,1,2,1698,2,699,849,4,3,2,446,257
3,2/5/15 2:34,2/5/15 3:16,280,mexican,1,4,1436,2,189,329,11,12,14,446,508
3,2/16/15 22:13,2/16/15 23:00,280,mexican,1,1,874,1,799,799,4,3,7,446,830
3,2/3/15 1:56,2/3/15 2:36,280,mexican,1,5,2016,5,99,799,10,8,7,446,544
3,2/15/15 1:57,2/15/15 2:51,280,mexican,4,5,1780,5,189,499,16,16,15,446,200
3,2/10/15 2:18,2/10/15 3:07,280,mexican,1,4,1981,3,329,699,9,9,8,446,271
3,2/10/15 3:11,2/10/15 3:42,280,mexican,1,5,1753,2,232,383,13,10,15,446,447
3,2/15/15 23:50,2/16/15 0:53,280,mexican,1,1,799,1,799,799,10,10,9,446,308
6,1/31/15 3:47,1/31/15 4:31,2621,asian,1,3,2600,3,750,1000,NA,NA,NA,446,564
6,1/23/15 2:31,1/23/15 3:25,2621,asian,1,2,1750,2,750,1000,NA,NA,NA,446,478
6,2/14/15 3:49,2/14/15 5:03,2621,asian,1,3,2400,3,700,900,NA,NA,NA,446,421
6,2/4/15 4:11,2/4/15 4:41,2621,asian,1,3,2550,3,750,1000,NA,NA,NA,446,572
6,2/7/15 4:13,2/7/15 4:59,2621,asian,1,3,2600,3,750,1000,NA,NA,NA,446,258
6,2/1/15 3:26,2/1/15 4:10,2621,asian,1,2,1935,2,900,1035,NA,NA,NA,446,276
6,1/31/15 1:03,1/31/15 1:35,2621,asian,1,1,1000,1,1000,1000,NA,NA,NA,446,659
6,2/6/15 2:36,2/6/15 3:06,2621,asian,1,3,1900,3,450,750,NA,NA,NA,446,283
6,2/7/15 2:14,2/7/15 3:02,2621,asian,1,5,3950,4,650,1000,NA,NA,NA,446,561
6,1/30/15 2:54,1/30/15 3:45,2621,asian,1,3,2550,3,750,1000,NA,NA,NA,446,453
6,1/30/15 2:28,1/30/15 3:04,2621,asian,1,2,1600,2,700,900,NA,NA,NA,446,163
6,2/15/15 3:08,2/15/15 4:16,2621,asian,1,3,2400,3,650,1000,NA,NA,NA,446,580
6,2/8/15 3:15,2/8/15 4:27,2621,asian,1,17,10650,11,100,1150,NA,NA,NA,446,163
6,1/30/15 21:27,1/30/15 22:08,2621,asian,1,2,1650,2,750,900,NA,NA,NA,446,308
6,2/7/15 3:58,2/7/15 4:58,2621,asian,1,2,1450,2,650,750,NA,NA,NA,446,360
6,1/24/15 4:19,1/24/15 5:08,2621,asian,1,3,2600,2,750,1000,NA,NA,NA,446,393
1,2/7/15 20:03,2/7/15 20:32,2928,mexican,1,4,1400,1,350,350,18,18,29,446,605
1,2/10/15 4:19,2/10/15 5:03,2928,mexican,1,5,2525,2,350,375,36,39,43,446,879
1,1/25/15 2:01,1/25/15 2:45,2928,mexican,1,11,3375,9,200,475,36,38,59,446,480
1,1/25/15 2:19,1/25/15 3:05,2928,mexican,1,3,1075,3,300,475,42,43,71,446,671
1,1/27/15 5:03,1/27/15 5:41,2928,mexican,1,6,2425,6,300,475,23,20,21,446,600
1,1/28/15 20:49,1/28/15 21:44,2928,mexican,1,5,1650,2,250,350,29,27,28,446,604
1,2/3/15 1:27,2/3/15 2:18,2928,mexican,1,9,3550,7,250,475,21,23,36,446,597
1,2/7/15 22:27,2/7/15 23:29,2928,mexican,1,5,2175,2,350,375,16,18,21,446,879
1,2/13/15 22:28,2/13/15 22:54,2928,mexican,1,5,1750,4,250,475,22,22,26,446,424
6,2/9/15 3:23,2/9/15 5:14,2928,sandwich,1,7,2375,6,200,475,56,58,100,446,375
1,2/4/15 1:58,2/4/15 2:53,2928,mexican,1,3,1075,3,300,475,34,34,36,446,815
1,2/9/15 0:20,2/9/15 0:54,132,fast,4,6,2052,5,75,1049,10,9,9,251,162
1,2/15/15 6:16,2/15/15 6:53,132,fast,4,1,2699,1,2699,2699,12,12,10,251,559
1,1/29/15 4:39,1/29/15 5:04,132,fast,4,4,6993,3,397,4027,21,24,34,251,348
1,1/25/15 2:13,1/25/15 3:07,132,fast,4,2,1998,1,999,999,27,26,30,251,606
1,2/18/15 0:38,2/18/15 1:23,132,fast,4,3,1229,2,265,699,7,7,5,251,540
1,1/27/15 1:50,1/27/15 2:46,132,fast,4,1,2699,1,2699,2699,17,15,11,251,907
1,1/29/15 19:35,1/29/15 20:17,132,fast,4,6,2236,6,169,479,17,13,19,251,584
4,1/25/15 22:05,1/25/15 22:49,132,american,1,1,999,1,999,999,19,8,9,251,744
1,1/28/15 1:14,1/28/15 1:50,132,fast,4,2,1998,1,999,999,6,7,10,251,152
1,2/7/15 2:11,2/7/15 3:10,132,fast,4,4,1302,4,75,699,23,22,18,251,912
1,2/1/15 4:02,2/1/15 4:45,2096,indian,3,3,2440,3,450,1495,43,45,73,251,416
1,2/18/15 3:57,2/18/15 5:24,2096,indian,3,7,5275,4,395,1495,44,44,56,251,483
1,2/2/15 2:31,2/2/15 3:26,2096,indian,3,6,5985,4,200,2295,31,34,79,251,806
1,2/3/15 2:35,2/3/15 3:21,2096,indian,3,5,3540,4,200,1395,39,40,73,251,341
1,1/24/15 22:20,1/24/15 22:48,2096,indian,3,2,2090,2,595,1495,14,17,19,251,550
1,2/15/15 2:25,2/15/15 3:22,2096,indian,3,4,5080,4,595,2095,55,55,73,251,657
2,2/15/15 2:29,2/15/15 3:25,2096,dessert,4,8,8015,8,450,1595,55,55,73,251,700
1,2/3/15 2:45,2/3/15 4:03,2096,indian,3,3,2440,3,450,1495,39,40,80,251,551
1,1/25/15 2:41,1/25/15 3:22,2096,indian,3,5,5340,4,350,2495,50,51,87,251,705
1,1/23/15 3:44,1/23/15 4:07,2096,indian,3,2,1790,2,395,1395,63,61,65,251,399
5,2/5/15 19:40,2/5/15 20:20,5579,sandwich,1,1,1345,1,1095,1095,14,11,13,446,452
5,2/10/15 18:56,2/10/15 19:25,5579,sandwich,1,1,1420,1,1095,1095,8,6,6,446,547
5,2/2/15 21:12,2/2/15 22:02,5579,sandwich,1,2,2225,2,925,975,9,10,12,446,509
5,1/26/15 0:02,1/26/15 0:54,5579,sandwich,1,2,2380,1,995,995,14,16,11,446,883
5,2/14/15 21:32,2/14/15 22:16,5579,sandwich,1,2,2600,2,975,975,15,14,15,446,408
5,2/13/15 19:50,2/13/15 20:27,5579,sandwich,1,3,2990,3,695,995,11,9,15,446,517
5,2/7/15 19:21,2/7/15 19:54,5579,sandwich,1,1,1300,1,975,975,8,8,9,446,350
6,2/7/15 1:39,2/7/15 2:19,6153,italian,1,3,5485,2,1095,2195,NA,NA,NA,446,273
3,1/25/15 2:03,1/25/15 3:45,2009,italian,1,6,6000,5,800,1500,4,4,6,446,1060
3,2/14/15 4:34,2/14/15 5:20,2009,italian,1,3,3850,2,1100,1300,5,5,3,446,321
3,2/10/15 0:49,2/10/15 1:52,2009,italian,1,4,1925,4,275,1100,2,2,2,446,605
3,2/7/15 4:46,2/7/15 5:13,2009,italian,1,1,1300,1,1300,1300,3,3,5,446,202
2,1/25/15 3:43,1/25/15 4:25,2009,smoothie,3,2,4100,2,275,1100,4,4,5,446,312
1,1/28/15 21:32,1/28/15 22:10,2769,american,5,1,995,1,895,895,20,20,28,251,513
1,2/5/15 19:23,2/5/15 20:07,2769,american,5,1,1895,1,895,895,14,10,8,251,929
1,1/28/15 19:45,1/28/15 20:40,2769,american,5,10,9650,9,245,1245,19,19,14,251,854
1,1/27/15 22:45,1/27/15 23:54,2769,american,5,1,995,1,895,895,8,10,10,251,513
1,2/14/15 3:10,2/14/15 4:27,5667,chinese,5,4,2396,4,299,899,32,31,39,446,555
4,1/30/15 4:11,1/30/15 4:47,4753,burger,1,2,2224,2,1029,1195,49,42,50,446,257
4,1/22/15 2:09,1/22/15 2:53,4753,burger,1,3,2678,3,399,1210,70,78,83,446,531
4,2/9/15 2:18,2/9/15 3:11,4753,burger,1,2,1577,2,549,1028,64,60,92,446,341
4,1/23/15 2:22,1/23/15 3:23,4753,burger,1,1,1069,1,1069,1069,71,52,88,446,633
4,2/10/15 23:37,2/11/15 0:44,4753,burger,1,2,2286,2,969,1079,7,9,10,446,825
4,2/10/15 2:43,2/10/15 3:51,4753,burger,1,2,2209,2,1059,1150,61,47,70,446,639
4,2/2/15 21:30,2/2/15 22:29,4753,burger,1,3,2948,2,399,1150,15,16,27,446,433
4,2/7/15 1:40,2/7/15 2:57,4753,burger,1,2,2048,2,699,1150,63,57,113,446,811
4,2/1/15 2:04,2/1/15 3:03,4753,burger,1,3,2709,3,500,1150,67,58,88,446,633
4,2/16/15 0:43,2/16/15 1:23,4753,burger,1,1,699,1,699,699,38,30,47,446,703
4,1/26/15 3:03,1/26/15 3:47,4753,burger,1,3,3489,2,1099,1195,33,51,40,446,722
4,2/1/15 20:23,2/1/15 21:17,4753,burger,1,2,1698,1,699,699,23,23,37,446,620
4,2/9/15 3:27,2/9/15 4:20,4753,burger,1,1,1099,1,1099,1099,65,49,84,446,722
4,1/30/15 19:19,1/30/15 19:50,4753,burger,1,1,1059,1,1059,1059,33,28,39,446,321
4,2/16/15 3:27,2/16/15 4:43,4753,burger,1,4,3277,4,399,1099,58,56,108,446,709
4,2/1/15 0:13,2/1/15 0:45,4753,burger,1,8,5712,2,500,928,18,16,18,446,241
4,2/11/15 2:15,2/11/15 3:08,4753,burger,1,2,2704,2,1195,1210,61,52,72,446,424
4,2/6/15 3:13,2/6/15 3:55,4753,burger,1,2,2390,1,1195,1195,71,41,75,446,681
4,2/13/15 3:26,2/13/15 4:16,4753,burger,1,2,2207,1,1029,1029,72,71,106,446,518
4,2/8/15 0:23,2/8/15 0:56,4753,burger,1,1,1029,1,1029,1029,26,16,18,446,717
4,2/2/15 1:47,2/2/15 3:53,4753,burger,1,3,2727,3,399,1299,44,44,76,446,804
4,2/5/15 1:19,2/5/15 2:55,4753,burger,1,1,1099,1,1099,1099,34,31,36,446,229
4,2/12/15 2:16,2/12/15 2:59,4753,burger,1,2,2298,1,1149,1149,63,49,73,446,501
4,1/29/15 20:37,1/29/15 21:20,4753,burger,1,1,1479,1,1479,1479,37,40,48,446,408
2,2/2/15 20:53,2/2/15 21:28,1148,indian,3,3,3000,3,350,1200,34,32,47,251,645
5,1/29/15 2:06,1/29/15 2:53,1148,seafood,1,2,2400,2,1200,1200,59,44,60,251,962
2,1/24/15 19:54,1/24/15 20:29,1148,indian,3,2,1550,2,350,1200,29,39,31,251,273
2,1/31/15 0:33,1/31/15 1:20,1148,indian,3,1,1746,1,1177,1350,33,17,25,251,601
2,2/14/15 3:09,2/14/15 4:11,1148,indian,3,3,2850,3,450,1200,66,62,127,251,526
2,2/13/15 3:19,2/13/15 4:00,1148,indian,3,2,1500,2,300,1200,73,59,89,251,456
2,2/5/15 20:17,2/5/15 20:47,1148,indian,3,4,2950,4,300,1200,46,44,60,251,426
2,1/30/15 4:28,1/30/15 5:09,1148,indian,3,3,1900,3,350,1200,58,49,53,251,631
2,2/17/15 2:54,2/17/15 3:32,1148,indian,3,3,3600,3,1200,1200,41,39,61,251,456
2,1/28/15 1:20,1/28/15 2:08,1148,indian,3,2,1368,2,0,1200,30,29,32,251,583
2,1/22/15 2:39,1/22/15 3:00,1148,indian,3,1,1200,1,1200,1200,55,52,71,251,209
2,1/26/15 20:07,1/26/15 21:10,1148,indian,3,2,1800,2,800,1000,29,39,48,251,730
2,2/4/15 1:51,2/4/15 2:21,1148,indian,3,6,3500,3,250,1200,43,42,55,251,387
2,1/30/15 4:40,1/30/15 5:23,1148,indian,3,2,1550,2,350,1200,43,42,45,251,284
2,2/16/15 0:22,2/16/15 1:03,1148,indian,3,9,9550,6,350,1200,32,24,27,251,746
2,1/28/15 21:14,1/28/15 21:37,1148,indian,3,4,2400,4,350,1100,42,23,23,251,427
2,1/31/15 21:25,1/31/15 21:47,1148,indian,3,2,1550,2,350,1200,39,31,35,251,605
2,1/24/15 1:42,1/24/15 2:28,1148,indian,3,3,3700,3,1200,1300,49,43,58,251,608
2,2/8/15 3:30,2/8/15 4:10,1148,indian,3,5,5600,4,1000,1200,54,52,102,251,583
2,2/9/15 0:44,2/9/15 1:17,1148,indian,3,3,2550,3,350,1200,28,22,20,251,894
2,1/23/15 3:14,1/23/15 4:00,1148,indian,3,2,2400,2,1200,1200,52,58,81,251,471
2,1/28/15 0:44,1/28/15 1:21,1148,indian,3,2,1550,2,350,1200,14,14,14,251,447
2,1/29/15 3:29,1/29/15 3:55,1148,indian,3,1,1200,1,1200,1200,55,38,55,251,469
2,2/13/15 3:10,2/13/15 3:42,1148,indian,3,4,3128,3,224,1394,78,70,82,251,393
2,1/21/15 19:43,1/21/15 20:31,1148,indian,3,2,1150,2,350,800,36,36,53,251,608
2,1/27/15 2:10,1/27/15 2:36,1148,indian,3,3,3000,2,1000,1000,40,48,45,251,398
2,1/26/15 2:20,1/26/15 2:49,1148,indian,3,2,2400,2,1200,1200,33,43,24,251,528
2,2/2/15 22:12,2/2/15 22:54,1148,indian,3,2,1550,2,350,1200,19,21,31,251,540
2,2/15/15 4:10,2/15/15 4:50,4062,barbecue,3,2,3925,2,1850,1875,44,44,91,251,517
2,2/5/15 19:37,2/5/15 20:17,4062,barbecue,3,7,8540,6,595,1650,44,42,63,251,557
2,1/28/15 21:46,1/28/15 22:22,4062,barbecue,3,6,6425,6,475,1675,27,16,16,251,NA
2,2/14/15 3:55,2/14/15 4:55,4062,barbecue,3,2,4350,2,1675,2475,53,53,110,251,831
2,2/12/15 0:53,2/12/15 1:27,4062,barbecue,3,4,5110,4,395,2195,21,20,21,251,1008
2,2/7/15 1:40,2/7/15 2:22,4062,barbecue,3,1,2425,1,2425,2425,56,44,67,251,541
4,2/16/15 20:52,2/16/15 21:28,4062,mexican,5,2,2125,2,650,1475,36,35,37,251,606
2,2/7/15 1:25,2/7/15 2:06,4062,vietnamese,1,3,2665,3,475,1195,48,37,47,251,639
2,2/13/15 4:00,2/13/15 4:45,4062,barbecue,3,3,3770,3,650,2195,65,60,87,251,554
2,2/3/15 21:26,2/3/15 22:01,4062,barbecue,3,1,2525,1,1525,1525,25,28,36,251,645
2,1/31/15 2:05,1/31/15 3:05,4062,barbecue,3,4,5220,3,395,1875,46,39,93,251,580
2,2/1/15 23:41,2/2/15 0:14,4062,barbecue,3,2,2470,2,275,2195,24,27,27,251,681
2,1/27/15 21:37,1/27/15 21:59,4062,barbecue,3,1,1850,1,1650,1650,22,18,17,251,423
2,1/26/15 0:14,1/26/15 0:48,4062,barbecue,3,2,2150,2,275,1875,30,41,25,251,872
2,2/14/15 3:58,2/14/15 5:10,4062,barbecue,3,2,3920,2,1525,2195,53,53,110,251,891
2,1/26/15 2:33,1/26/15 3:16,4062,barbecue,3,2,4490,2,2095,2195,36,47,32,251,646
2,2/13/15 3:04,2/13/15 3:42,4062,barbecue,3,2,2470,2,275,2195,74,65,98,251,683
2,2/12/15 3:03,2/12/15 4:01,4062,barbecue,3,4,3595,3,563,1770,69,75,101,251,804
2,1/29/15 21:25,1/29/15 21:55,4062,barbecue,3,2,2688,2,305,2159,40,31,26,251,376
2,2/6/15 3:09,2/6/15 3:44,4062,barbecue,3,1,2050,1,1850,1850,68,49,74,251,648
2,2/4/15 2:28,2/4/15 3:18,4062,barbecue,3,1,1850,1,1850,1850,48,47,61,251,639
2,1/25/15 1:29,1/25/15 2:10,4062,barbecue,3,3,3345,3,275,2475,35,42,44,251,612
2,1/24/15 3:26,1/24/15 4:33,4062,barbecue,3,3,4900,3,475,1875,51,52,86,251,692
2,1/28/15 2:16,1/28/15 3:03,4062,barbecue,3,1,2595,1,2195,2195,52,42,62,251,1021
2,2/4/15 1:19,2/4/15 1:55,4062,barbecue,3,1,1875,1,1875,1875,27,27,30,251,687
2,1/28/15 0:56,1/28/15 1:44,4062,barbecue,3,2,4770,2,395,4375,22,22,23,251,210
2,2/2/15 0:27,2/2/15 1:26,4062,barbecue,3,2,4650,2,1875,1875,24,23,36,251,796
2,2/10/15 21:27,2/10/15 22:08,4062,barbecue,3,5,4215,4,275,1425,25,29,41,251,742
6,2/13/15 3:58,2/13/15 4:41,3821,sandwich,3,1,1000,1,1000,1000,NA,NA,NA,251,739
6,2/15/15 5:09,2/15/15 5:48,3821,sandwich,3,2,2100,2,1000,1100,NA,NA,NA,251,549
6,1/29/15 5:17,1/29/15 5:44,3821,sandwich,3,2,1800,2,800,1000,NA,NA,NA,251,488
6,2/6/15 4:20,2/6/15 5:51,3821,sandwich,3,3,1753,3,619,1127,NA,NA,NA,251,488
6,2/14/15 4:38,2/14/15 5:18,3821,sandwich,3,2,2200,2,1100,1100,NA,NA,NA,251,232
6,2/7/15 6:45,2/7/15 7:05,3821,sandwich,3,2,2300,2,1000,1300,NA,NA,NA,251,527
6,2/13/15 3:10,2/13/15 3:52,3821,sandwich,3,1,1100,1,1100,1100,NA,NA,NA,251,450
6,2/6/15 21:48,2/6/15 22:26,3821,sandwich,3,1,800,1,800,800,NA,NA,NA,251,627
6,2/7/15 6:03,2/7/15 6:28,3821,sandwich,3,1,1100,1,1100,1100,NA,NA,NA,251,450
3,1/22/15 0:56,1/22/15 1:24,1788,barbecue,1,1,1900,1,1900,1900,0,0,0,446,225
3,1/25/15 0:40,1/25/15 1:27,1788,barbecue,1,2,3700,2,1200,1900,0,0,0,446,553
3,2/1/15 20:35,2/1/15 21:21,1788,barbecue,1,2,3800,1,1900,1900,0,0,0,446,741
3,2/4/15 3:49,2/4/15 4:24,1788,barbecue,1,5,4000,4,300,1900,0,0,0,446,577
3,1/29/15 21:38,1/29/15 22:16,1788,barbecue,1,2,1449,2,249,1200,0,0,0,446,452
3,1/30/15 19:08,1/30/15 19:42,5788,convenience-store,4,5,1345,2,269,269,4,4,3,251,85
4,2/8/15 20:30,2/8/15 21:18,5788,italian,4,6,1174,3,129,269,4,4,5,251,87
3,1/27/15 5:21,1/27/15 5:52,5788,convenience-store,4,3,1077,3,99,399,5,1,1,251,173
3,1/23/15 17:48,1/23/15 19:21,6115,breakfast,1,3,4475,3,475,2500,NA,NA,NA,446,949
3,1/25/15 19:34,1/25/15 20:35,963,breakfast,1,3,4025,3,1025,1375,18,16,20,446,523
3,2/2/15 18:29,2/2/15 19:49,963,breakfast,1,1,1150,1,1150,1150,12,10,10,446,650
3,2/13/15 19:20,2/13/15 20:11,963,breakfast,1,2,1690,2,445,1195,16,16,30,446,749
3,2/4/15 18:48,2/4/15 19:51,963,breakfast,1,6,6260,3,255,1495,7,6,6,446,110
3,1/30/15 17:57,1/30/15 19:07,963,breakfast,1,2,1615,2,275,1175,5,7,8,446,145
3,2/3/15 19:37,2/3/15 20:19,963,breakfast,1,1,1325,1,1025,1025,21,17,16,446,513
3,2/16/15 19:28,2/16/15 20:20,963,breakfast,1,2,2827,2,1096,1495,26,23,34,446,369
3,1/25/15 16:02,1/25/15 16:50,963,breakfast,1,1,1195,1,1195,1195,2,2,4,446,312
3,1/27/15 19:24,1/27/15 20:17,963,breakfast,4,2,1615,2,255,1325,17,18,21,446,393
3,2/13/15 18:28,2/13/15 18:59,963,breakfast,1,2,2025,2,550,1475,8,4,6,446,254
1,2/1/15 23:17,2/2/15 0:00,132,fast,4,3,3429,3,265,2699,9,10,14,251,158
1,1/29/15 2:59,1/29/15 3:44,132,fast,4,3,1003,3,-86,1066,24,29,38,251,721
1,2/12/15 4:02,2/12/15 4:44,132,fast,4,2,1698,2,799,899,28,29,26,251,118
1,1/25/15 22:36,1/25/15 23:33,132,fast,4,4,1943,4,174,763,11,16,17,251,370
1,2/5/15 3:35,2/5/15 5:37,132,fast,4,2,1478,2,479,999,25,27,49,251,721
1,1/25/15 1:54,1/25/15 3:08,132,fast,4,2,958,2,359,599,20,21,19,251,765
1,1/27/15 1:57,1/27/15 2:43,132,fast,4,10,2977,7,95,479,18,18,15,251,745
1,2/15/15 20:41,2/15/15 21:32,132,fast,4,1,479,1,479,479,11,11,15,251,279
1,2/8/15 1:55,2/8/15 2:40,132,fast,4,1,799,1,799,799,23,23,16,251,746
1,2/16/15 1:16,2/16/15 2:52,132,fast,4,24,3190,8,0,699,17,17,24,251,585
1,2/15/15 22:44,2/15/15 23:42,132,fast,4,2,3868,2,1049,2819,16,11,6,251,693
1,2/17/15 1:46,2/17/15 2:43,132,fast,4,9,2712,6,95,479,11,11,6,251,773
1,2/3/15 3:36,2/3/15 5:13,132,fast,4,7,1223,5,0,649,22,22,48,251,384
1,2/2/15 2:13,2/2/15 3:30,132,fast,4,1,2699,1,2699,2699,18,20,30,251,558
1,1/25/15 21:38,1/25/15 22:14,132,fast,4,6,958,6,0,599,17,9,9,251,765
1,1/25/15 21:46,1/25/15 22:06,132,fast,4,1,2699,1,2699,2699,18,10,10,251,671
1,2/12/15 0:24,2/12/15 1:22,132,fast,4,4,792,4,75,359,13,7,6,251,895
1,2/2/15 2:05,2/2/15 3:15,3427,japanese,1,3,3300,3,700,1500,18,20,28,446,507
1,1/28/15 4:29,1/28/15 5:00,3427,japanese,1,4,4400,4,700,1400,18,20,20,446,398
1,2/7/15 3:04,2/7/15 4:15,3427,japanese,1,6,4600,5,400,1600,26,25,28,446,443
4,2/14/15 17:33,2/14/15 18:07,517,american,3,3,1895,3,295,975,11,3,3,251,518
4,2/17/15 18:17,2/17/15 18:44,517,american,3,2,1220,2,295,925,8,7,6,251,473
4,2/3/15 21:21,2/3/15 21:53,517,american,3,2,2175,2,1025,1150,21,21,22,251,491
4,2/5/15 16:12,2/5/15 16:52,517,american,3,4,3040,3,295,1125,6,3,4,251,594
4,1/26/15 20:53,1/26/15 21:34,517,american,3,2,2400,2,1125,1125,32,54,47,251,140
4,2/15/15 19:59,2/15/15 21:01,517,american,3,12,11130,11,295,1225,31,27,33,251,194
4,2/10/15 21:24,2/10/15 21:57,517,american,3,2,2320,2,1125,1195,28,26,25,251,210
4,1/26/15 18:04,1/26/15 18:42,517,american,3,2,2370,2,1095,1125,4,25,7,251,518
1,2/5/15 21:03,2/5/15 21:47,2769,american,5,1,995,1,995,995,21,22,17,251,193
1,1/28/15 22:42,1/28/15 23:14,2769,american,5,2,1240,2,245,895,13,8,9,251,779
1,2/11/15 19:49,2/11/15 20:22,2769,american,5,2,2140,2,995,1145,17,15,13,251,666
1,2/11/15 19:49,2/11/15 20:22,2769,american,5,2,2140,2,995,1145,18,15,13,251,666
1,2/6/15 19:49,2/6/15 20:32,2769,american,5,3,2635,3,495,1145,19,20,22,251,417
1,2/3/15 20:04,2/3/15 21:05,1807,vietnamese,1,2,1450,2,625,825,7,7,4,446,518
1,2/6/15 22:16,2/6/15 23:28,1807,vietnamese,1,1,825,1,825,825,3,3,3,446,615
1,1/27/15 19:14,1/27/15 20:00,1807,vietnamese,1,4,4540,3,804,1017,5,6,8,446,521
1,2/5/15 1:01,2/5/15 1:39,1807,vietnamese,1,2,1750,2,625,875,6,5,5,446,745
1,1/28/15 4:06,1/28/15 4:45,1807,vietnamese,1,3,2400,3,625,950,4,4,3,446,334
1,2/11/15 0:04,2/11/15 0:38,1807,vietnamese,1,2,1800,2,625,875,0,0,0,446,703
1,2/5/15 4:44,2/5/15 5:32,1807,vietnamese,1,2,1370,2,495,875,5,8,8,446,741
1,1/30/15 2:37,1/30/15 3:14,1807,vietnamese,1,3,1870,3,495,825,8,5,5,446,664
1,2/12/15 3:14,2/12/15 3:44,1807,vietnamese,1,3,2070,3,495,950,6,7,7,446,475
1,2/4/15 23:07,2/4/15 23:41,1807,vietnamese,1,1,825,1,825,825,1,1,2,446,615
1,1/23/15 21:46,1/23/15 22:17,1807,vietnamese,1,4,2940,3,495,875,5,5,4,446,615
1,2/2/15 18:15,2/2/15 18:49,1807,vietnamese,4,1,825,1,825,825,2,0,0,446,615
1,2/13/15 18:59,2/13/15 19:43,1807,vietnamese,1,5,5425,3,875,875,3,3,2,446,518
1,1/27/15 21:03,1/27/15 21:35,1807,vietnamese,1,3,2425,3,625,875,5,4,1,446,701
1,1/22/15 2:19,1/22/15 3:22,1807,vietnamese,1,2,1500,2,625,875,3,3,4,446,951
1,2/4/15 21:00,2/4/15 21:47,1807,vietnamese,1,4,3500,3,875,875,9,9,5,446,255
1,2/10/15 1:52,2/10/15 2:39,1807,vietnamese,1,3,2125,3,625,875,6,7,5,446,144
1,2/3/15 22:30,2/3/15 23:44,1807,vietnamese,1,2,1454,2,666,1019,11,12,8,446,620
1,1/31/15 20:52,1/31/15 21:49,1498,other,1,3,2685,2,795,825,28,28,26,446,751
1,2/6/15 2:41,2/6/15 3:18,1498,other,1,1,1500,1,1375,1375,64,61,63,446,207
1,1/31/15 20:54,1/31/15 21:50,1498,other,1,1,775,1,775,775,28,28,26,446,751
1,1/27/15 0:26,1/27/15 1:16,1498,fast,1,3,1279,3,125,855,21,22,22,446,599
1,2/4/15 18:19,2/4/15 18:44,1498,other,1,1,920,1,795,795,10,4,4,446,190
1,2/8/15 23:59,2/9/15 0:55,5226,cajun,1,6,2495,3,75,1100,7,7,7,446,820
1,1/26/15 2:51,1/26/15 3:45,5226,cajun,1,7,4250,4,200,1100,12,12,19,446,118
2,1/25/15 22:35,1/25/15 23:10,1904,sandwich,2,3,3279,3,858,936,69,83,60,251,398
2,1/25/15 22:25,1/25/15 23:11,1904,sandwich,2,3,3585,2,795,795,64,73,52,251,545
2,1/26/15 0:23,1/26/15 0:50,1904,sandwich,2,3,3385,3,795,795,59,76,91,251,299
2,2/8/15 3:33,2/8/15 4:14,1904,sandwich,2,1,1495,1,795,795,132,125,185,251,567
2,1/21/15 23:52,1/22/15 0:20,1904,sandwich,2,1,1895,1,695,695,25,24,32,251,317
2,1/25/15 21:22,1/25/15 21:56,1904,sandwich,2,3,1990,3,400,795,71,81,45,251,449
2,1/29/15 3:43,1/29/15 4:19,1904,sandwich,2,2,2190,2,795,1195,85,69,101,251,618
2,2/9/15 2:15,2/9/15 3:12,1904,sandwich,2,3,2885,3,795,795,127,101,169,251,733
2,1/24/15 22:04,1/24/15 22:59,1904,sandwich,2,3,3585,3,795,795,53,61,73,251,426
2,1/23/15 20:17,1/23/15 21:08,1904,sandwich,2,3,2690,2,300,1195,58,61,87,251,479
2,2/2/15 0:55,2/2/15 1:23,1904,sandwich,2,2,2090,2,795,795,70,67,76,251,340
2,2/11/15 2:07,2/11/15 3:03,1904,sandwich,2,1,895,1,795,795,103,65,95,251,760
2,2/2/15 4:47,2/2/15 5:37,1904,sandwich,2,2,1590,2,795,795,54,58,92,251,610
2,2/6/15 19:33,2/6/15 20:17,1904,sandwich,2,1,1495,1,795,795,60,56,72,251,565
2,2/12/15 2:33,2/12/15 3:09,1904,sandwich,2,3,2790,2,400,1195,125,97,144,251,123
2,1/25/15 21:59,1/25/15 22:02,1904,sandwich,2,1,1195,1,1195,1195,60,74,51,251,218
2,1/25/15 21:05,1/25/15 21:38,1904,sandwich,2,2,3090,2,795,795,71,71,39,251,603
2,1/25/15 21:22,1/25/15 21:48,1904,sandwich,2,2,1795,2,400,795,71,81,45,251,344
3,2/8/15 2:09,2/8/15 2:50,1904,fast,5,1,1395,1,795,795,133,92,149,251,576
2,1/24/15 0:19,1/24/15 0:56,1904,sandwich,2,1,895,1,795,795,26,22,29,251,576
2,1/31/15 3:40,1/31/15 4:19,1904,sandwich,2,4,3585,4,400,1195,126,125,225,251,377
2,1/24/15 2:53,1/24/15 3:51,1904,sandwich,2,1,1395,1,795,795,131,130,230,251,132
2,2/17/15 2:08,2/17/15 2:48,1904,sandwich,2,2,1600,1,800,800,102,86,104,251,559
2,1/22/15 21:09,1/22/15 22:04,1904,sandwich,2,2,2690,2,795,795,39,46,62,251,531
2,2/12/15 2:17,2/12/15 3:00,1904,sandwich,2,2,1695,2,500,1195,118,99,145,251,805
2,2/14/15 3:05,2/14/15 4:15,1904,sandwich,2,2,1695,2,300,795,149,138,247,251,639
2,2/7/15 3:37,2/7/15 4:37,1904,sandwich,2,3,2685,3,795,1095,129,136,232,251,506
2,1/29/15 23:56,1/30/15 0:34,1904,sandwich,2,3,2090,3,400,795,31,27,30,251,914
1,2/16/15 21:57,2/16/15 22:24,2273,steak,1,3,2700,3,950,1750,17,16,17,446,626
3,2/8/15 22:25,2/8/15 23:20,4655,thai,5,3,2285,3,295,995,6,5,5,251,824
3,2/17/15 2:04,2/17/15 2:51,4655,thai,5,2,1690,2,495,995,10,9,13,251,321
3,2/5/15 0:25,2/5/15 0:49,4655,thai,5,1,1491,1,585,819,7,7,13,251,423
3,1/27/15 21:32,1/27/15 22:03,4655,thai,5,2,1690,2,695,795,5,2,2,251,384
3,2/14/15 20:12,2/14/15 21:20,4655,thai,5,1,995,1,995,995,7,7,7,251,335
3,1/30/15 4:48,1/30/15 5:34,4655,thai,5,2,1395,2,100,995,3,3,3,251,605
3,2/13/15 21:14,2/13/15 21:41,4655,thai,5,2,1290,2,495,795,7,6,8,251,91
3,2/15/15 3:42,2/15/15 4:48,4655,thai,5,2,2090,2,995,995,14,14,21,251,378
3,2/7/15 3:41,2/7/15 3:58,4655,thai,5,4,2980,4,495,995,17,13,13,251,242
3,2/5/15 2:27,2/5/15 3:16,4655,thai,5,3,1590,3,100,795,10,11,13,251,211
3,2/15/15 21:31,2/15/15 21:51,4655,thai,5,2,1290,2,295,995,6,5,7,251,138
3,2/16/15 4:01,2/16/15 4:47,4655,thai,5,4,2280,3,295,995,16,16,18,251,237
3,2/8/15 22:37,2/8/15 23:45,4655,thai,5,6,4030,6,100,995,5,5,6,251,804
3,2/15/15 23:23,2/15/15 23:47,4655,thai,5,4,3980,3,695,995,10,7,5,251,437
3,2/2/15 1:54,2/2/15 2:58,4655,thai,5,3,3140,3,150,1495,14,14,19,251,843
3,2/2/15 2:08,2/2/15 3:39,4655,thai,5,2,1690,2,695,995,14,15,25,251,134
3,2/7/15 2:24,2/7/15 3:15,4655,thai,5,5,4675,5,695,995,17,15,17,251,1018
3,1/24/15 4:13,1/24/15 5:04,4655,thai,5,2,2290,2,595,995,9,11,14,251,423
3,1/26/15 2:09,1/26/15 2:31,4655,thai,5,3,2240,3,350,995,15,9,9,251,258
3,2/3/15 3:25,2/3/15 4:08,4655,thai,5,3,2785,3,695,995,9,9,12,251,233
3,2/4/15 4:41,2/4/15 5:04,4655,thai,5,2,2490,2,995,995,4,2,2,251,439
3,1/25/15 2:32,1/25/15 3:32,6922,pizza,1,5,6900,5,900,1800,8,7,6,446,271
3,2/18/15 3:22,2/18/15 3:49,6922,pizza,1,2,1950,2,350,1600,9,7,6,446,331
3,1/23/15 2:05,1/23/15 2:48,6922,pizza,1,2,3600,2,1800,1800,7,7,7,446,479
3,2/18/15 3:35,2/18/15 4:13,6922,pizza,1,4,4600,3,800,1800,8,4,4,446,392
3,2/16/15 1:17,2/16/15 2:17,6922,pizza,1,2,3300,2,1400,1900,6,6,6,446,480
3,2/8/15 21:04,2/8/15 21:30,6922,pizza,1,1,1600,1,1600,1600,5,2,4,446,293
3,1/25/15 2:43,1/25/15 3:50,6922,pizza,1,3,4400,3,1200,1800,8,8,10,446,375
4,1/23/15 22:53,1/23/15 23:38,4753,burger,1,2,1577,2,549,1028,9,8,8,446,336
4,1/29/15 2:45,1/29/15 3:26,4753,burger,1,3,2059,3,300,1059,76,59,77,446,321
4,2/4/15 3:22,2/4/15 3:57,4753,burger,1,3,3464,3,1059,1210,57,49,63,446,402
4,2/5/15 1:16,2/5/15 2:32,4753,burger,1,2,2198,2,1069,1129,34,31,36,446,447
4,1/26/15 21:05,1/26/15 21:52,4753,burger,1,2,1698,1,699,699,28,52,44,446,620
4,1/24/15 0:57,1/24/15 1:41,4753,burger,1,3,3977,3,1129,1299,35,31,35,446,566
4,2/2/15 4:34,2/2/15 5:44,4753,burger,1,2,1528,2,399,1029,33,33,38,446,650
4,2/15/15 23:12,2/16/15 0:07,4753,burger,1,2,2345,2,1150,1195,22,20,26,446,428
4,2/15/15 3:17,2/15/15 4:33,4753,burger,1,1,1069,1,1069,1069,69,69,133,446,613
4,1/26/15 20:56,1/26/15 21:41,4753,burger,1,1,1128,1,1028,1028,32,54,47,446,358
4,2/16/15 1:20,2/16/15 2:06,4753,burger,1,2,2219,2,1069,1150,50,46,83,446,329
4,1/22/15 0:11,1/22/15 0:42,4753,burger,1,3,3376,3,700,1399,28,11,11,446,122
4,2/11/15 21:38,2/11/15 22:16,4753,burger,1,3,2209,3,399,1210,24,24,25,446,792
4,1/27/15 3:20,1/27/15 4:10,4753,burger,1,2,2047,2,399,1150,48,69,54,446,706
4,2/9/15 5:29,2/9/15 6:03,4753,burger,1,2,1769,2,700,1069,15,12,12,446,630
4,2/3/15 0:15,2/3/15 0:52,4753,burger,1,3,2948,2,399,1150,12,14,26,446,433
4,2/11/15 21:08,2/11/15 22:14,4753,burger,1,4,3278,4,399,1210,27,28,33,446,545
4,1/27/15 20:28,1/27/15 21:04,4753,burger,1,2,2010,2,700,1210,40,40,47,446,330
4,2/5/15 2:52,2/5/15 3:27,4753,burger,1,2,1959,2,900,1059,54,53,103,446,299
4,1/30/15 22:32,1/30/15 23:13,4753,burger,1,2,2047,2,699,1099,11,15,15,446,460
4,2/14/15 23:05,2/14/15 23:33,4753,burger,1,3,3068,3,900,1099,22,20,21,446,370
4,1/31/15 3:20,1/31/15 4:47,4753,burger,1,2,2505,2,1195,1210,70,67,130,446,522
4,1/25/15 3:44,1/25/15 4:35,4753,burger,1,4,3438,3,300,1195,47,71,104,446,450
4,1/25/15 4:59,1/25/15 5:34,4753,burger,1,5,4653,5,329,1195,22,42,35,446,513
4,1/25/15 22:59,1/25/15 23:43,4753,burger,4,3,2107,3,329,979,28,41,20,446,500
4,2/16/15 1:08,2/16/15 1:55,4753,burger,1,3,2198,3,399,1099,45,43,66,446,466
4,2/3/15 0:04,2/3/15 0:54,4753,burger,1,4,2397,3,399,1099,13,12,25,446,505
4,2/7/15 23:20,2/7/15 23:55,4753,burger,1,2,2128,2,1029,1099,17,13,14,446,534
4,2/13/15 1:48,2/13/15 2:25,4753,burger,1,2,2643,1,1257,1327,62,54,79,446,370
4,1/27/15 21:09,1/27/15 21:44,4753,burger,1,2,2224,2,1029,1195,34,25,23,446,496
4,2/9/15 2:16,2/9/15 3:03,4753,burger,1,2,2639,2,1210,1429,64,60,92,446,622
2,2/5/15 2:21,2/5/15 3:07,1148,indian,3,3,3400,3,1000,1200,58,51,79,251,645
2,2/17/15 4:10,2/17/15 4:57,1148,indian,3,4,2350,4,350,1200,42,41,48,251,642
2,2/5/15 4:23,2/5/15 5:16,1148,indian,3,2,2400,1,1200,1200,38,42,70,251,557
2,2/6/15 1:43,2/6/15 2:08,1148,indian,3,2,2200,2,1000,1200,60,45,45,251,343
2,2/15/15 20:07,2/15/15 20:28,1148,indian,3,4,4600,4,1000,1200,25,25,31,251,414
2,2/18/15 2:15,2/18/15 2:54,1148,thai,3,3,3400,3,1000,1200,54,45,59,251,765
2,1/21/15 20:26,1/21/15 21:12,1148,indian,3,6,9100,3,1200,1400,37,37,53,251,251
2,1/28/15 20:15,1/28/15 20:46,1148,indian,3,1,1450,1,1200,1200,51,44,54,251,455
2,2/7/15 19:41,2/7/15 20:20,1148,indian,3,3,2750,3,350,1200,27,29,35,251,317
2,2/8/15 2:00,2/8/15 2:37,1148,indian,3,3,2950,3,350,2000,51,39,67,251,731
2,2/7/15 1:00,2/7/15 1:33,1148,indian,3,3,3700,3,1200,1300,32,23,24,251,533
2,2/3/15 20:39,2/3/15 21:27,1148,indian,3,2,2000,2,800,1200,37,40,57,251,740
2,2/1/15 3:58,2/1/15 4:44,1148,indian,3,2,1550,2,350,1200,36,35,63,251,773
2,2/8/15 3:12,2/8/15 3:48,1148,indian,3,6,3600,4,250,1200,56,55,91,251,820
2,1/25/15 3:00,1/25/15 3:55,1148,indian,3,1,1200,1,1200,1200,47,57,83,251,652
2,1/31/15 3:33,1/31/15 4:46,1148,indian,3,4,4700,3,1100,1200,48,46,96,251,631
2,2/4/15 1:55,2/4/15 2:26,1148,indian,3,3,2012,3,402,1384,49,49,51,251,458
2,2/15/15 1:17,2/15/15 1:58,1148,indian,3,5,3450,4,250,1200,36,34,39,251,664
2,1/26/15 20:03,1/26/15 20:57,1148,indian,3,2,1550,2,450,1100,29,39,48,251,427
2,2/4/15 2:09,2/4/15 2:32,1148,indian,3,1,1100,1,1100,1100,47,45,53,251,447
2,2/4/15 0:43,2/4/15 1:21,1148,indian,3,3,1900,2,450,1000,13,12,16,251,756
2,2/5/15 3:41,2/5/15 4:43,1148,indian,3,4,3050,3,300,2000,53,56,85,251,386
2,1/27/15 3:20,1/27/15 4:01,1148,indian,3,3,2100,3,450,1200,40,50,64,251,458
2,2/7/15 3:50,2/7/15 4:30,1148,indian,3,1,1200,1,1200,1200,56,54,97,251,471
2,2/9/15 4:13,2/9/15 4:52,1148,indian,3,6,3950,4,250,1200,37,45,66,251,552
2,2/12/15 3:09,2/12/15 3:39,1148,indian,3,1,2000,1,2000,2000,62,63,103,251,222
2,1/30/15 2:03,1/30/15 2:45,1148,indian,3,6,4550,3,250,1300,54,44,65,251,468
2,2/3/15 20:07,2/3/15 20:55,1148,indian,3,3,3400,3,1000,1200,40,37,51,251,315
2,2/16/15 1:28,2/16/15 2:00,1148,indian,3,7,5750,7,350,1200,41,38,54,251,745
2,1/29/15 3:14,1/29/15 3:52,1148,indian,3,2,1700,2,250,1200,59,37,56,251,709
2,1/24/15 2:17,1/24/15 2:57,1148,indian,3,2,1450,2,350,1100,50,52,84,251,447
2,1/26/15 1:24,1/26/15 2:04,1148,indian,3,3,1700,3,350,1000,32,43,34,251,870
2,1/22/15 20:30,1/22/15 21:13,1148,indian,3,10,9729,9,288,1498,38,44,67,251,521
2,2/18/15 2:01,2/18/15 2:32,1148,indian,3,1,1200,1,1200,1200,51,46,57,251,624
2,2/17/15 2:18,2/17/15 3:00,1148,indian,3,2,1450,2,250,1200,36,36,52,251,516
NA,2/17/15 2:17,2/17/15 3:15,1148,NA,NA,3,3400,3,1000,1200,36,36,52,251,653
2,1/25/15 20:27,1/25/15 20:55,1148,indian,3,3,3350,3,350,2000,39,42,32,251,400
2,2/2/15 19:38,2/2/15 20:15,1148,indian,3,2,1350,2,250,1100,34,32,41,251,606
2,1/26/15 20:31,1/26/15 21:19,1148,indian,3,3,2750,3,350,1200,30,40,44,251,536
5,1/30/15 4:08,1/30/15 4:44,1148,indian,5,2,2200,2,1000,1200,54,51,70,251,668
2,2/18/15 1:28,2/18/15 2:30,1148,indian,3,10,10950,9,250,1300,31,30,40,251,494
2,2/16/15 20:59,2/16/15 21:49,1148,indian,3,7,3900,6,300,1200,35,34,40,251,434
2,2/6/15 3:23,2/6/15 4:13,1148,indian,3,1,1100,1,1100,1100,69,56,79,251,465
2,2/8/15 0:53,2/8/15 1:13,1148,indian,3,2,2400,2,1200,1200,32,27,29,251,422
2,1/23/15 3:05,1/23/15 3:54,1148,indian,3,2,2000,2,800,1200,51,57,82,251,428
2,2/8/15 20:12,2/8/15 21:11,1148,japanese,1,5,4750,4,350,1200,24,24,37,251,991
2,2/4/15 2:47,2/4/15 3:28,1148,indian,3,2,2200,1,1100,1100,48,48,70,251,336
6,1/23/15 4:15,1/23/15 5:04,1148,mediterranean,3,10,8900,9,350,1300,37,37,48,251,550
2,2/5/15 3:17,2/5/15 3:49,1148,indian,3,1,1200,1,1200,1200,60,59,90,251,469
2,2/16/15 3:12,2/16/15 3:51,1148,indian,3,2,2200,2,1000,1200,47,47,101,251,653
2,2/12/15 2:50,2/12/15 3:19,1148,indian,3,2,1550,2,350,1200,62,52,86,251,440
2,2/16/15 2:22,2/16/15 3:15,1148,indian,3,4,3300,2,450,1200,56,53,92,251,664
2,1/29/15 3:38,1/29/15 4:08,1148,indian,3,2,2400,2,1200,1200,52,36,52,251,441
1,2/10/15 3:33,2/10/15 4:17,4320,japanese,1,4,7059,4,1330,2364,44,46,51,446,648
1,2/11/15 4:36,2/11/15 5:03,4320,japanese,1,4,6400,4,1400,1900,22,18,18,446,532
1,2/17/15 3:02,2/17/15 3:51,4320,japanese,1,8,11600,7,500,3700,54,41,51,446,348
4,2/13/15 2:28,2/13/15 3:16,6132,mexican,2,3,3600,3,800,1400,114,102,149,251,283
2,1/25/15 0:32,1/25/15 1:30,4062,barbecue,3,1,4375,1,4375,4375,25,32,26,251,748
2,1/24/15 2:52,1/24/15 4:03,4062,barbecue,3,1,1525,1,1525,1525,55,54,98,251,683
2,1/26/15 0:29,1/26/15 1:13,4062,barbecue,3,5,4635,4,395,1595,30,39,25,251,675
2,2/3/15 3:26,2/3/15 4:43,4062,barbecue,3,2,1820,2,395,1425,40,39,72,251,584
2,1/25/15 0:13,1/25/15 1:01,4062,barbecue,3,7,2825,2,275,425,20,32,24,251,702
2,1/28/15 1:28,1/28/15 2:09,4062,barbecue,3,2,3190,2,595,2195,32,33,33,251,690
2,1/28/15 20:11,1/28/15 20:43,4062,barbecue,3,2,3620,2,1425,1995,50,45,49,251,390